ArtNr,ArtBezeichnung,ArtGruppe,ArtVKPreis,ArtLief,ArtEKPreis,ArtLieferzeit,ArtMindBestand,ArtHinweis,ArtMengeBestellt,ArtUSt,ArtAktiv,ArtInaktivAm,ArtInaktivVon
1001,Abdeckbänderset 4 tlg.,HH,"10,68",1001,"4,27",5,NULL,NULL,21,19,1,NULL,NULL
1002,Abflussieb PVC Rund Hr 4 Stk. Packung Sb,KG,"7,52",1001,"3,01",2,NULL,NULL,11,19,1,NULL,NULL
1003,Abfallsack 110 lt,HH,"3,16",1001,"1,26",3,NULL,NULL,0,19,1,NULL,NULL
1004,Abfallsack 60 lt,HH,"2,07",1001,"0,83",3,NULL,NULL,0,19,1,NULL,NULL
1005,Abgiesser,KG,"7,52",1001,"3,01",2,NULL,NULL,0,19,1,NULL,NULL
1006,Ausgiesser Gihale 6 Stk. Packung,GE,"8,00",1001,"2,14",2,NULL,NULL,0,19,1,NULL,NULL
1007,Aquafit Erstausrüstungs- Set für Schwimmbad,GA,"108,79",1001,"43,52",5,NULL,NULL,0,19,1,NULL,NULL
1008,Alu-Spiralstab 170 cm P60,HH,"6,43",1002,"2,57",2,NULL,NULL,0,19,1,NULL,NULL
1009,Alu-Spiralstab 200 cm P60,HH,"7,52",1002,"3,01",2,NULL,NULL,0,19,1,NULL,NULL
1010,Abdeckplane für Stahl- Rohrbecken 165x165 cm,HW,"19,51",1002,"7,81",3,NULL,NULL,0,19,1,NULL,NULL
1011,Abdeckplane 360 cm für Schwimmbecken,GA,"163,30",1002,"65,32",5,NULL,NULL,0,19,1,NULL,NULL
1012,Apfelreibe,KG,"3,16",1001,"1,26",2,NULL,NULL,0,19,1,NULL,NULL
1013,Arzneischrank Weiss 35 X 45 X 15 cm,HH,"43,39",1001,"17,35",5,NULL,NULL,0,19,1,NULL,NULL
1014,Arzneischrank Beige 35 X 45 X 15 cm,HH,"43,39",1001,"17,35",5,NULL,NULL,0,19,1,NULL,NULL
1015,Abdeckplane für Stahl- Rohrbecken 250 X 165 cm,HW,"21,58",1002,"8,63",3,NULL,NULL,0,19,1,NULL,NULL
1016,"Alu-Marktschirm 3,2 Me",GA,"152,39",1001,"60,96",5,NULL,NULL,0,19,1,NULL,NULL
1017,Allesschneider,HW,"185,10",1001,"74,04",5,NULL,NULL,0,19,1,NULL,NULL
1019,Anti-Rutsch Teppichband,HH,"10,68",1001,"4,27",2,NULL,NULL,0,19,1,NULL,NULL
1020,Abfalleimer Metall,HH,"9,70",1001,"3,88",2,NULL,NULL,50,19,1,NULL,NULL
1021,Abdeckplane für Stahl- Rohrbecken 320 X 165 cm,HW,"27,14",1002,"10,86",3,NULL,NULL,0,19,1,NULL,NULL
1022,Apfelausstecher,KG,"6,43",1001,"2,57",2,NULL,NULL,0,19,1,NULL,NULL
1023,Astschere 460,GA,"21,58",1001,"8,63",3,NULL,NULL,0,19,1,NULL,NULL
1024,Adlus Rasenrechen 60 cm,GA,"12,97",1002,"5,19",3,NULL,NULL,0,19,1,NULL,NULL
1025,Adlus Laubbesen Variabel Ohne Stiel,GA,"14,06",1002,"5,62",3,NULL,NULL,0,19,1,NULL,NULL
1026,Adlus Damenhandschuhe,GA,"4,25",1002,"1,70",2,NULL,NULL,0,19,1,NULL,NULL
1027,Adlus Herrenhandschuhe,GA,"4,91",1002,"1,96",2,NULL,NULL,0,19,1,NULL,NULL
1028,Adlus Gartenrechen 14 Zinken,GA,"6,43",1002,"2,57",2,NULL,NULL,0,19,1,NULL,NULL
1029,Adlus Gartenhäckchen 2 Zack Herzform,GA,"7,52",1002,"3,01",2,NULL,NULL,0,19,1,NULL,NULL
1030,Adlus Blumenkralle 5 Zack,GA,"5,34",1002,"2,14",2,NULL,NULL,0,19,1,NULL,NULL
1031,Adlus Stiel 150 cm,GA,"7,52",1002,"3,01",2,NULL,NULL,0,19,1,NULL,NULL
1033,Adlus Schaufel Klein,GA,"5,34",1002,"2,14",2,NULL,NULL,0,19,1,NULL,NULL
1034,Alu Haushaltsleiter 3 Stufen Önorm,HH,"43,39",1001,"17,35",5,NULL,NULL,0,19,1,NULL,NULL
1035,Alu Haushaltsleiter 4 Stufen Önorm,HH,"50,04",1001,"20,01",5,NULL,NULL,0,19,1,NULL,NULL
1036,Alu Haushaltsleiter 5 Stufen Önorm,HH,"62,03",1001,"24,81",5,NULL,NULL,0,19,1,NULL,NULL
1037,Alu Haushaltsleiter 6 Stufen Önorm,HH,"81,65",1001,"32,66",5,NULL,NULL,0,19,1,NULL,NULL
1038,Alu Haushaltsleiter 7 Stufen Önorm,HH,"97,02",1001,"38,81",5,NULL,NULL,0,19,1,NULL,NULL
1039,Airstop-Reparaturset,HW,"4,25",1001,"1,70",2,NULL,NULL,0,19,1,NULL,NULL
1040,Angelgarnitur,GA,"17,33",1001,"6,93",3,NULL,NULL,0,19,1,NULL,NULL
1041,Adlus Spitzschaufel,GA,"8,61",1002,"3,44",2,NULL,NULL,0,19,1,NULL,NULL
1042,Adlus Rechen,GA,"7,52",1002,"3,01",2,NULL,NULL,0,19,1,NULL,NULL
1043,Adlus Laubbesen,GA,"8,61",1002,"3,44",2,NULL,NULL,81,19,1,NULL,NULL
1044,Ausgiesser Gihale für Set 543637,HH,"1,09",1001,"0,44",2,NULL,NULL,0,19,1,NULL,NULL
1045,Ascher Meteor 14 cm Glas,HH,"3,16",1001,"1,26",2,NULL,NULL,0,19,1,NULL,NULL
1046,"Ausstecher Linzer 4,8 cm mit Auswerfer",KG,"5,34",1001,"2,14",2,NULL,NULL,0,19,1,NULL,NULL
1048,Adlus Vertikutierroller,GA,"38,04",1002,"15,22",5,NULL,NULL,0,19,1,NULL,NULL
1049,Arbeitsmantel Blau 46,HW,"27,14",1130,"10,86",3,NULL,NULL,401,19,1,NULL,NULL
1050,Arbeitsmantel Blau 48,HW,"27,14",1130,"10,86",3,NULL,NULL,241,19,1,NULL,NULL
1051,Arbeitsmantel Blau 50,HW,"27,14",1130,"10,86",3,NULL,NULL,391,19,1,NULL,NULL
1052,Arbeitsmantel Blau 52,HW,"27,14",1130,"10,86",3,NULL,NULL,391,19,1,NULL,NULL
1053,Arbeitsmantel Blau 54,HW,"27,14",1130,"10,86",3,NULL,NULL,361,19,1,NULL,NULL
1054,Arbeitsmantel Blau 56,HW,"27,14",1130,"10,86",3,NULL,NULL,401,19,1,NULL,NULL
1055,Astsäge 2702,GA,"10,68",1001,"4,27",2,NULL,NULL,1,19,1,NULL,NULL
1056,Adlus Pflanzholz,GA,"6,43",1002,"2,57",2,NULL,NULL,0,19,1,NULL,NULL
1057,Alpin Pullover 46,HW,"185,10",1130,"74,04",5,NULL,NULL,0,19,1,NULL,NULL
1058,Alpin Pullover 48,HW,"185,10",1130,"74,04",5,NULL,NULL,0,19,1,NULL,NULL
1059,Alpin Pullover 50,HW,"185,10",1130,"74,04",5,NULL,NULL,0,19,1,NULL,NULL
1060,Alpin Pullover 52,HW,"196,00",1130,"78,40",5,NULL,NULL,0,19,1,NULL,NULL
1061,Alpin Pullover 54,HW,"196,00",1130,"78,40",5,NULL,NULL,0,19,1,NULL,NULL
1062,Alles-Dichter-Spray Sb,HW,"14,06",1001,"5,62",3,NULL,NULL,0,19,1,NULL,NULL
1063,Adlus Häckchen,GA,"7,52",1002,"3,01",2,NULL,NULL,0,19,1,NULL,NULL
1064,Bügelzubehörhalter Sb,HH,"14,06",1001,"5,62",3,NULL,NULL,0,19,1,NULL,NULL
1065,Besen-Boy Sb,HH,"10,90",1001,"4,36",2,NULL,NULL,0,19,1,NULL,NULL
1066,Biertulpe Executive 6 Stk. Packung,GE,"16,35",1001,"6,54",3,NULL,NULL,0,19,1,NULL,NULL
1067,Black & Decker Rasentrimmer Gl 320,GA,"54,29",1001,"21,71",5,NULL,NULL,0,19,1,NULL,NULL
1068,Barshaker,GE,"10,68",1001,"4,27",2,NULL,NULL,0,19,1,NULL,NULL
1070,Besteckgarnitur Tanja 30 tlg.,GE,"54,29",1001,"21,71",5,NULL,NULL,0,19,1,NULL,NULL
1071,Bügelschnurhalter,HH,"10,68",1001,"4,27",2,NULL,NULL,0,19,1,NULL,NULL
1072,Badezimmer Eckständer Weiss,HH,"38,04",1001,"15,22",5,NULL,NULL,0,19,1,NULL,NULL
1073,Braun Ersatzbürste Ebi 5-2 für Plak Control,HH,"17,33",1001,"6,93",3,NULL,NULL,0,19,1,NULL,NULL
1074,Bosch Heckenschere Ahs 600,GA,"217,80",1001,"87,12",5,NULL,NULL,0,19,1,NULL,NULL
1075,Becher Nieder 3 Stk. Packung,GE,"5,34",1001,"2,14",2,NULL,NULL,0,19,1,NULL,NULL
1076,Becher Hoch 3 Stk. Packung,GE,"5,34",1001,"2,14",2,NULL,NULL,0,19,1,NULL,NULL
1077,Bay Römertopf Kochbuch,KG,"7,52",1002,"3,01",2,NULL,NULL,241,19,1,NULL,NULL
1078,Bodenvase 40 cm Chinadekor,HH,"31,50",1001,"12,60",3,NULL,NULL,0,19,1,NULL,NULL
1079,Beerenriffel,GA,"10,68",1001,"4,27",2,NULL,NULL,0,19,1,NULL,NULL
1080,Bosch Allesschneider As/mas 6108,HW,"65,19",1001,"26,08",5,NULL,NULL,0,19,1,NULL,NULL
1081,Bodensauger,HH,"54,29",1001,"21,71",5,NULL,NULL,0,19,1,NULL,NULL
1082,Bankauflage-Gartenlaube 99 X 30 X 3 cm Des. 312,GA,"21,80",1001,"8,72",3,NULL,NULL,0,19,1,NULL,NULL
1083,Bankauflagen-Set Zu Gartenlaube,GA,"86,99",1001,"34,80",5,NULL,NULL,0,19,1,NULL,NULL
1084,Bestecktrockner,GE,"6,43",1001,"2,57",2,NULL,NULL,0,19,1,NULL,NULL
1085,Bratkartoffelwender Brillant,GE,"6,43",1001,"2,57",2,NULL,NULL,0,19,1,NULL,NULL
1086,Bräter mit Deckel,KG,"21,58",1001,"8,63",3,NULL,NULL,0,19,1,NULL,NULL
1088,Brezelausstecher,KG,"10,68",1001,"4,27",2,NULL,NULL,0,19,1,NULL,NULL
1089,Bügeltisch 116 X 33 cm,HH,"24,96",1001,"9,99",3,NULL,NULL,0,19,1,NULL,NULL
1090,Braun Ersatzdüse für Ed 5,HH,"16,24",1001,"6,50",3,NULL,NULL,0,19,1,NULL,NULL
1091,Backform Bärentatzen,KG,"14,06",1001,"5,62",3,NULL,NULL,0,19,1,NULL,NULL
1092,Blasebalg,HH,"5,34",1001,"2,14",2,NULL,NULL,0,19,1,NULL,NULL
1093,Blockhaus,GA,"174,20",1001,"69,68",5,NULL,NULL,0,19,1,NULL,NULL
1094,Buntschneidemesser Victorinox,KG,"10,68",1001,"4,27",2,NULL,NULL,0,19,1,NULL,NULL
1095,Besteckordner,GE,"10,68",1001,"4,27",2,NULL,NULL,0,19,1,NULL,NULL
1096,Bowlegarnitur Traube 18 tlg.,GE,"21,58",1001,"8,63",3,NULL,NULL,0,19,1,NULL,NULL
1097,Bratpfanne 31 X 23 cm,KG,"17,33",1001,"6,93",3,NULL,NULL,0,19,1,NULL,NULL
1098,Bosch Reibevorsatz,GE,"54,29",1001,"21,71",5,NULL,NULL,0,19,1,NULL,NULL
1099,Bosch Spritzgebäck- Vorsatz,GE,"10,68",1001,"4,27",2,NULL,NULL,0,19,1,NULL,NULL
1100,Butterdose Barkerole,GE,"28,23",1001,"11,29",3,NULL,NULL,0,19,1,NULL,NULL
1101,Bay Kartoffelröster,KG,"27,14",1002,"10,86",3,NULL,NULL,1001,19,1,NULL,NULL
1102,Bosch Friteuse Oval,KG,"108,79",1001,"43,52",5,NULL,NULL,0,19,1,NULL,NULL
1103,Backset 5 tlg.,KG,"10,68",1001,"4,27",2,NULL,NULL,0,19,1,NULL,NULL
1104,Besteckgarnitur Twist 24 tlg.,GE,"32,48",1001,"12,99",3,NULL,NULL,0,19,1,NULL,NULL
1106,Black & Decker Akku- Rasenmäher Grc 840,GA,"762,85",1001,"305,14",NULL,NULL,NULL,0,19,1,NULL,NULL
1107,Besteckgarnitur Kiel Hr 24 tlg.,GE,"16,35",1001,"6,54",3,NULL,NULL,0,19,1,NULL,NULL
1108,Besteckgarnitur Nostalgie 24 tlg.,GE,"43,39",1001,"17,35",5,NULL,NULL,0,19,1,NULL,NULL
1109,Besteckgarnitur 85 tlg. mit Koffer,GE,"163,30",1001,"65,32",5,NULL,NULL,0,19,1,NULL,NULL
1110,Bratenthermometer,KG,"10,68",1001,"4,27",2,NULL,NULL,0,19,1,NULL,NULL
1111,Balkon-Hängetisch 60 X 40 cm,HH,"27,14",1001,"10,86",3,NULL,NULL,0,19,1,NULL,NULL
1112,Berndes Glasdeckel 24 cm,KG,"19,51",1001,"7,81",3,NULL,NULL,0,19,1,NULL,NULL
1113,Berndes Glasdeckel 28 cm,KG,"24,96",1001,"9,99",3,NULL,NULL,0,19,1,NULL,NULL
1114,Berndes Pfanne 24 Tief Color Cast,KG,"76,09",1001,"30,44",5,NULL,NULL,0,19,1,NULL,NULL
1115,Berndes Pfanne 28 Tief Color Cast,KG,"97,89",1001,"39,16",5,NULL,NULL,0,19,1,NULL,NULL
1116,Berndes Pfanne 24 Flach Color Cast,KG,"65,30",1001,"26,12",5,NULL,NULL,0,19,1,NULL,NULL
1117,Berndes Pfanne 20 Flach Color Cast,KG,"43,49",1001,"17,40",5,NULL,NULL,0,19,1,NULL,NULL
1118,Braun Multiquick Control Plus,HH,"65,19",1001,"26,08",5,NULL,NULL,0,19,1,NULL,NULL
1119,Bosch Handmixer Hm/mfq,EG,"32,48",1001,"12,99",3,NULL,NULL,0,19,1,NULL,NULL
1120,Brotdose Dunkel,GE,"15,15",1001,"6,06",3,NULL,NULL,0,19,1,NULL,NULL
1121,Brotdose Hell,GE,"15,15",1001,"6,06",3,NULL,NULL,0,19,1,NULL,NULL
1123,Bosch Wasserkocher Twk 1201,EG,"76,09",1001,"30,44",5,NULL,NULL,0,19,1,NULL,NULL
1124,Braun Rasierer 5005,EG,"141,49",1001,"56,60",5,NULL,NULL,0,19,1,NULL,NULL
1125,Braun Haarfön Hf/silencio 1100,EG,"21,58",1001,"8,63",3,NULL,NULL,0,19,1,NULL,NULL
1126,Braun Kaffeeautomat Ka/kf 16,EG,"43,39",1001,"17,35",5,NULL,NULL,0,19,1,NULL,NULL
1127,Blitzbügler 130 X 43 cm,HH,"15,15",1001,"6,06",3,NULL,NULL,0,19,1,NULL,NULL
1128,Bügeldecke Blitzbügler 100 X 65 cm,HH,"21,58",1001,"8,63",3,NULL,NULL,0,19,1,NULL,NULL
1129,Bay Römertopf,KG,"27,14",1002,"10,86",3,NULL,NULL,121,19,1,NULL,NULL
1130,Blusenbügel,HH,"10,68",1001,"4,27",2,NULL,NULL,0,19,1,NULL,NULL
1131,Blumenkistenträger Zum Hängen Verzinkt,GA,"2,07",1001,"0,83",2,NULL,NULL,0,19,1,NULL,NULL
1132,Blumenkistenträger Zum Schrauben Verzinkt,GA,"2,07",1001,"0,83",2,NULL,NULL,0,19,1,NULL,NULL
1133,Blumenkistenträger Zum Hängen Schwarz,GA,"3,49",1001,"1,40",2,NULL,NULL,0,19,1,NULL,NULL
1134,Blumenkistenträger Zum Schrauben Schwarz,GA,"3,49",1001,"1,40",2,NULL,NULL,0,19,1,NULL,NULL
1135,Baueimer mit Nb 12 lt für Set 483-872,HW,"2,40",1001,"0,96",2,NULL,NULL,0,19,1,NULL,NULL
1137,Boot Blasebalg Gross,HH,"9,70",1001,"3,88",2,NULL,NULL,0,19,1,NULL,NULL
1138,Bay Kresse Igel,HH,"10,68",1002,"4,27",2,NULL,NULL,721,19,1,NULL,NULL
1139,Bügeleisenfolie,HH,"14,06",1001,"5,62",3,NULL,NULL,0,19,1,NULL,NULL
1140,Baumsäge mit Blatt 40 cm,GA,"10,68",1001,"4,27",2,NULL,NULL,0,19,1,NULL,NULL
1141,Bürstenstiel 1 Me für Rohr Und Kesselbürsten,HW,"9,70",1001,"3,88",2,NULL,NULL,0,19,1,NULL,NULL
1142,Backformenset 5 tlg. Weissblech Hr,KG,"10,90",1001,"4,36",2,NULL,NULL,0,19,1,NULL,NULL
1143,Bundesheergürtel 95 cm,HW,"12,97",1001,"5,19",3,NULL,NULL,0,19,1,NULL,NULL
1144,Bundesheergürtel 115 cm,HW,"12,97",1001,"5,19",3,NULL,NULL,0,19,1,NULL,NULL
1145,Bundesheergürtel 125 cm,HW,"12,97",1001,"5,19",3,NULL,NULL,0,19,1,NULL,NULL
1146,Bügeleisenstift Hr für Set 664677,HH,"6,43",1001,"2,57",2,NULL,NULL,0,19,1,NULL,NULL
1147,Bananensplit Gourmande 3 Stk. Packung,GE,"8,61",1001,"3,44",2,NULL,NULL,0,19,1,NULL,NULL
1148,Badewannenabdichtband Hr,HH,"9,70",1001,"3,88",2,NULL,NULL,0,19,1,NULL,NULL
1149,Bosch Allesschneider As/mas8500,HW,"217,80",1001,"87,12",5,NULL,NULL,0,19,1,NULL,NULL
1150,Baueimerset 5 tlg.,HW,"10,90",1001,"4,36",2,NULL,NULL,0,19,1,NULL,NULL
1151,Backbrett 68 X 48 cm,HH,"21,58",1001,"8,63",3,NULL,NULL,0,19,1,NULL,NULL
1152,Besen mit Stiel Rosshaar,HH,"10,68",1001,"4,27",2,NULL,NULL,0,19,1,NULL,NULL
1153,Brennpaste 3 Stk. Packung,HH,"5,34",1001,"2,14",2,NULL,NULL,0,19,1,NULL,NULL
1154,Backschaufel,KG,"2,07",1001,"0,83",2,NULL,NULL,0,19,1,NULL,NULL
1155,Campingdusche Solar 20 lt,GA,"18,42",1130,"7,37",3,NULL,NULL,0,19,1,NULL,NULL
1157,Camping-Klappsessel Unica Tnt,GA,"15,15",1130,"6,06",3,NULL,NULL,1041,19,1,NULL,NULL
1158,Claber Schlauchwagen Aqua Caddy,GE,"32,48",1001,"12,99",3,NULL,NULL,0,19,1,NULL,NULL
1159,Chrysal Mehltauspray 250 Ml,HH,"7,52",1001,"3,01",2,NULL,NULL,0,19,1,NULL,NULL
1160,Duftlampenöl 3x250 Ml,HH,"9,27",1001,"3,71",2,NULL,NULL,0,19,1,NULL,NULL
1161,Degupa Popcorn Automat,EG,"43,39",1001,"17,35",5,NULL,NULL,0,19,1,NULL,NULL
1162,Drehascher,HH,"10,68",1001,"4,27",2,NULL,NULL,0,19,1,NULL,NULL
1163,Duschboard Weiss 4-Fach,HH,"15,15",1130,"6,06",3,NULL,NULL,0,19,1,NULL,NULL
1164,Duschboard Beige 4-Fach,HH,"15,15",1130,"6,06",3,NULL,NULL,0,19,1,NULL,NULL
1165,Dauerbackfolie,HH,"10,68",1001,"4,27",2,NULL,NULL,0,19,1,NULL,NULL
1166,Dreirad Speedy,GA,"54,29",1001,"21,71",5,NULL,NULL,0,19,1,NULL,NULL
1167,Dunstfettfilter 2 Stk. Packung,HH,"10,68",1001,"4,27",2,NULL,NULL,0,19,1,NULL,NULL
1168,Dreirad mit Schubstange,GA,"65,19",1001,"26,08",5,NULL,NULL,0,19,1,NULL,NULL
1169,Deckelöffner Brillant,KG,"8,61",1001,"3,44",2,NULL,NULL,0,19,1,NULL,NULL
1170,Dariol Form,KG,"3,16",1001,"1,26",2,NULL,NULL,0,19,1,NULL,NULL
1171,Drehkarussel 9 tlg.,GA,"21,58",1001,"8,63",3,NULL,NULL,0,19,1,NULL,NULL
1173,Dosenöffner Credo,KG,"2,07",1001,"0,83",2,NULL,NULL,0,19,1,NULL,NULL
1174,Doppelhubpumpe,HW,"26,05",1001,"10,42",3,NULL,NULL,0,19,1,NULL,NULL
1175,Dressiersack Grösse 4,KG,"6,43",1001,"2,57",2,NULL,NULL,0,19,1,NULL,NULL
1176,Dressiersack Grösse 5,KG,"7,52",1001,"3,01",2,NULL,NULL,0,19,1,NULL,NULL
1177,Essmesser 6 Stk. Packung,BE,"18,42",1003,"7,37",3,NULL,NULL,481,19,1,NULL,NULL
1178,Essgabel 6 Stk. Packung,BE,"9,70",1003,"3,88",2,NULL,NULL,481,19,1,NULL,NULL
1179,Esslöffel 6 Stk. Packung,BE,"9,70",1003,"3,88",2,NULL,NULL,481,19,1,NULL,NULL
1180,Eislöffel 6 Stk. Packung,BE,"8,61",1001,"3,44",2,NULL,NULL,0,19,1,NULL,NULL
1181,Einkochtopf mit Einlegerost,KG,"62,03",1001,"24,81",5,NULL,NULL,0,19,1,NULL,NULL
1182,Eierteiler-Kunststoff,KG,"2,07",1003,"0,83",2,NULL,NULL,0,19,1,NULL,NULL
1183,Eierbecher Atelier 3 Stk. Packung,KG,"10,68",1001,"4,27",2,NULL,NULL,0,19,1,NULL,NULL
1184,Eierbecher Atelier für Set 548434,KG,"3,82",1003,"1,53",2,NULL,NULL,0,19,1,NULL,NULL
1185,Einkochtopf für Set 528108,KG,"52,22",1001,"20,89",5,NULL,NULL,0,19,1,NULL,NULL
1186,Ersatzlampe für Mosquito Stop Twinny,HH,"9,70",1001,"3,88",2,NULL,NULL,0,19,1,NULL,NULL
1187,Eisschirmchen 12 Stk. für Set 559249,HH,"2,73",1001,"1,09",2,NULL,NULL,0,19,1,NULL,NULL
1188,Eisschirmchen 24 Stk. Packung,HH,"4,25",1001,"1,70",2,NULL,NULL,0,19,1,NULL,NULL
1189,Emaille-Fix Und Rostkiller,HH,"10,68",1001,"4,27",2,NULL,NULL,0,19,1,NULL,NULL
1191,Ersatzkissen für Pinty Standardbürste,HH,"15,15",1001,"6,06",3,NULL,NULL,0,19,1,NULL,NULL
1192,Eierpfanne 18 cm,KG,"10,68",1003,"4,27",2,NULL,NULL,169,19,1,NULL,NULL
1193,Entsafteraufsatz mit Passring,KG,"86,99",1001,"34,80",5,NULL,NULL,0,19,1,NULL,NULL
1194,Electro Cat Mäusevertreiber,EG,"54,29",1001,"21,71",5,NULL,NULL,0,19,1,NULL,NULL
1195,Ersatzlampe für Insektenkiller,HH,"5,34",1001,"2,14",2,NULL,NULL,0,19,1,NULL,NULL
1196,Elektro Kochtopf Partytime,KG,"108,79",1001,"43,52",5,NULL,NULL,0,19,1,NULL,NULL
1197,Edelstahlgeschirrset Gold 7 tlg.,KG,"86,99",1001,"34,80",5,NULL,NULL,0,19,1,NULL,NULL
1198,Ersatz-Bügelpolster,HH,"9,70",1001,"3,88",2,NULL,NULL,0,19,1,NULL,NULL
1199,Eimer mit Deckel 9 lt Beige-Quarz,HH,"5,34",1001,"2,14",2,NULL,NULL,0,19,1,NULL,NULL
1200,Ersatz Dörretagen 2 Stk. Packung,HH,"32,48",1001,"12,99",3,NULL,NULL,0,19,1,NULL,NULL
1201,Eierbecher Barkerole,GE,"3,16",1003,"1,26",2,NULL,NULL,1441,19,1,NULL,NULL
1202,Eckregal Weiss,HH,"15,15",1001,"6,06",3,NULL,NULL,0,19,1,NULL,NULL
1203,Eisschale Maldives 6 Stk. Packung,GE,"10,68",1001,"4,27",2,NULL,NULL,0,19,1,NULL,NULL
1204,Ersatzlampe für Mosquito Stop 40,HH,"28,23",1001,"11,29",3,NULL,NULL,0,19,1,NULL,NULL
1205,Eiswürfelbereiter,KG,"3,16",1001,"1,26",2,NULL,NULL,0,19,1,NULL,NULL
1206,Einkochglas 3 lt,KG,"4,25",1001,"1,70",2,NULL,NULL,0,19,1,NULL,NULL
1207,Edelstahlgeschirrset Magnum 20 tlg.,KG,"217,80",1001,"87,12",5,NULL,NULL,0,19,1,NULL,NULL
1208,Espressomaschine 4 Tassen,EG,"50,04",1003,"20,01",5,NULL,NULL,0,19,1,NULL,NULL
1210,"Epoca Spritze 1,25 lt",GA,"10,68",1001,"4,27",2,NULL,NULL,0,19,1,NULL,NULL
1211,Ersatzfedern für Vertikutiermesser,GA,"9,70",1001,"3,88",2,NULL,NULL,0,19,1,NULL,NULL
1212,Einkochthermometer,KG,"6,43",1001,"2,57",2,NULL,NULL,0,19,1,NULL,NULL
1213,Eisportionierer Rostfrei,KG,"7,52",1001,"3,01",2,NULL,NULL,0,19,1,NULL,NULL
1214,Einkochautomat mit Zeitschaltuhr,EG,"174,20",1001,"69,68",5,NULL,NULL,0,19,1,NULL,NULL
1215,Elastikmop,HH,"21,58",1001,"8,63",3,NULL,NULL,0,19,1,NULL,NULL
1216,Fissler Edelstahlpflege 2 Stk. Packung,KG,"14,06",1020,"5,62",3,NULL,NULL,4001,19,1,NULL,NULL
1217,Felco-Ersatzsägeblatt,HW,"21,58",1001,"8,63",3,NULL,NULL,0,19,1,NULL,NULL
1218,Fleischklopfer Holz,KG,"6,43",1001,"2,57",2,NULL,NULL,0,19,1,NULL,NULL
1219,Flaschenregale 4 Stk. Packung,HH,"21,58",1001,"8,63",3,NULL,NULL,0,19,1,NULL,NULL
1220,Fleischwolf Nr. 5,KG,"32,48",1001,"12,99",3,NULL,NULL,0,19,1,NULL,NULL
1221,Fleischgabel Profi,BE,"6,43",1001,"2,57",2,NULL,NULL,0,19,1,NULL,NULL
1223,Freizeitjacke L Olivgrün,GA,"54,29",1130,"21,71",5,NULL,NULL,0,19,1,NULL,NULL
1224,Freizeitjacke Xl Olivgrün,GA,"54,29",1130,"21,71",5,NULL,NULL,0,19,1,NULL,NULL
1225,Freizeitjacke Xxl Olivgrün,GA,"54,29",1130,"21,71",5,NULL,NULL,0,19,1,NULL,NULL
1226,Fondügarnitur 28 tlg.,GE,"76,09",1001,"30,44",5,NULL,NULL,0,19,1,NULL,NULL
1227,Fixiermesser mit Etui,BE,"17,33",1020,"6,93",3,NULL,NULL,0,19,1,NULL,NULL
1228,Fiskars Schere 2 Stk. Packung,BE,"21,58",1020,"8,63",3,NULL,NULL,0,19,1,NULL,NULL
1229,Flaschenträger,HH,"4,25",1020,"1,70",2,NULL,NULL,0,19,1,NULL,NULL
1230,Fruchtentsafter 9 lt Hackmann Edelstahl,KG,"152,39",1001,"60,96",5,NULL,NULL,0,19,1,NULL,NULL
1231,Fussball Super-Cup,GA,"10,90",1001,"4,36",2,NULL,NULL,0,19,1,NULL,NULL
1232,Fly Stop 100 X 100 cm Weiss,HH,"7,52",1001,"3,01",2,NULL,NULL,0,19,1,NULL,NULL
1233,Fly Stop 100 X 100 cm Grau,HH,"7,52",1001,"3,01",2,NULL,NULL,0,19,1,NULL,NULL
1234,Fly Stop 130 X 150 cm Weiss,HH,"10,79",1001,"4,32",2,NULL,NULL,0,19,1,NULL,NULL
1235,Fly Stop 130 X 150 cm Grau,HH,"10,79",1001,"4,32",2,NULL,NULL,0,19,1,NULL,NULL
1236,Fly Stop Tür Weiss 2 X 60 X 210 cm,HH,"12,97",1001,"5,19",3,NULL,NULL,0,19,1,NULL,NULL
1237,Fly Stop Tür Grau 2 X 60 X 210 cm,HH,"12,97",1001,"5,19",3,NULL,NULL,0,19,1,NULL,NULL
1238,Fisch Pfanne 36 cm,KG,"21,58",1001,"8,63",3,NULL,NULL,0,19,1,NULL,NULL
1239,"Frischhaltedose 3,45 lt Eckig",KG,"6,43",1001,"2,57",2,NULL,NULL,0,19,1,NULL,NULL
1241,"Frischhaltedose 1,65 lt Eckig",KG,"3,82",1001,"1,53",2,NULL,NULL,0,19,1,NULL,NULL
1242,"Frischhaltedose 0,65 lt Eckig",KG,"3,16",1001,"1,26",2,NULL,NULL,0,19,1,NULL,NULL
1243,"Frischhaltedose 0,35 lt Eckig",KG,"2,07",1001,"0,83",2,NULL,NULL,0,19,1,NULL,NULL
1244,Frischhaltedose 3 lt Rund,KG,"5,34",1001,"2,14",2,NULL,NULL,0,19,1,NULL,NULL
1245,"Frischhaltedose 1,5 lt Rund",KG,"3,16",1001,"1,26",2,NULL,NULL,0,19,1,NULL,NULL
1246,"Frischhaltedose 0,75 lt Rund",KG,"2,07",1001,"0,83",2,NULL,NULL,0,19,1,NULL,NULL
1247,Federball Garnitur,GA,"4,25",1001,"1,70",2,NULL,NULL,0,19,1,NULL,NULL
1248,Federbälle 6 Stk. Packung,GA,"2,18",1001,"0,87",2,NULL,NULL,0,19,1,NULL,NULL
1249,Frischhaltebox 40 X 19 X 14 cm,KG,"8,61",1130,"3,44",2,NULL,NULL,0,19,1,NULL,NULL
1250,Festtagskuchenform,KG,"21,58",1001,"8,63",3,NULL,NULL,0,19,1,NULL,NULL
1251,"Fabro Wachsende Folie 7,15  X 1,4 Me",KG,"14,06",1001,"5,62",3,NULL,NULL,0,19,1,NULL,NULL
1252,Fleischhammer Robusto,BE,"14,06",1020,"5,62",3,NULL,NULL,0,19,1,NULL,NULL
1253,Felco Gartenschere 2,GA,"59,85",1001,"23,94",5,NULL,NULL,0,19,1,NULL,NULL
1254,Fleischwalze,KG,"5,34",1001,"2,14",2,NULL,NULL,0,19,1,NULL,NULL
1255,Fissler Edelstahlpflege für Set 524155,KG,"7,52",1020,"3,01",2,NULL,NULL,0,19,1,NULL,NULL
1256,Fugenweiss Hr,HW,"10,68",1001,"4,27",2,NULL,NULL,0,19,1,NULL,NULL
1257,Faltwasserkanister 20 lt,HW,"10,79",1001,"4,32",2,NULL,NULL,0,19,1,NULL,NULL
1259,Feldhemd 37/38,HW,"65,19",1130,"26,08",5,NULL,NULL,0,19,1,NULL,NULL
1260,Feldhemd 39/40,HW,"65,19",1130,"26,08",5,NULL,NULL,0,19,1,NULL,NULL
1261,Feldhemd 41/42,HW,"65,19",1130,"26,08",5,NULL,NULL,0,19,1,NULL,NULL
1262,Feuchtigkeitskiller,HW,"21,58",1001,"8,63",3,NULL,NULL,0,19,1,NULL,NULL
1263,Felco Baumsäge 60,HW,"34,77",1001,"13,91",3,NULL,NULL,0,19,1,NULL,NULL
1264,Fiskars Messerschärfer,HW,"15,15",1020,"6,06",3,NULL,NULL,0,19,1,NULL,NULL
1265,Feldsocken,HW,"17,33",1130,"6,93",3,NULL,NULL,0,19,1,NULL,NULL
1266,Frischhaltedosenset 10 tlg.,KG,"10,90",1001,"4,36",2,NULL,NULL,0,19,1,NULL,NULL
1267,"Farbbecher mit Deckel, Pinselhalter Und 9 Pinsel",HW,"10,68",1001,"4,27",2,NULL,NULL,0,19,1,NULL,NULL
1268,Feldhemd 43/44,HW,"65,19",1130,"26,08",5,NULL,NULL,0,19,1,NULL,NULL
1269,Feldhose 66,HW,"76,09",1130,"30,44",5,NULL,NULL,0,19,1,NULL,NULL
1270,Feldhose 62,HW,"76,09",1130,"30,44",5,NULL,NULL,0,19,1,NULL,NULL
1272,Feldhose 54,HW,"76,09",1130,"30,44",5,NULL,NULL,0,19,1,NULL,NULL
1273,Feldhose 50,HW,"76,09",1130,"30,44",5,NULL,NULL,0,19,1,NULL,NULL
1274,Feldhose 46,HW,"76,09",1130,"30,44",5,NULL,NULL,0,19,1,NULL,NULL
1275,Gardena Schlauchset 4586-20,GA,"38,04",1008,"15,22",5,NULL,NULL,0,19,1,NULL,NULL
1276,Gardena Gartendusche 956,GA,"53,31",1008,"21,32",5,NULL,NULL,49,19,1,NULL,NULL
1277,Gaz Kocher Bleuet S 206,GA,"38,04",1001,"15,22",5,NULL,NULL,0,19,1,NULL,NULL
1278,Gaz Lampe Lumogaz T206,GA,"50,04",1001,"20,01",5,NULL,NULL,0,19,1,NULL,NULL
1279,Gaz Kartusche Cv 470,GA,"9,70",1001,"3,88",2,NULL,NULL,0,19,1,NULL,NULL
1280,Gaz Kartusche C 206,GA,"1,96",1001,"0,78",2,NULL,NULL,0,19,1,NULL,NULL
1281,Gaz Kocher Azur L,GA,"76,09",1001,"30,44",5,NULL,NULL,0,19,1,NULL,NULL
1282,Gaz Regler 50 Mbar Ca-Gaz,GA,"27,14",1001,"10,86",3,NULL,NULL,0,19,1,NULL,NULL
1283,"Giesser Atelier 0,15 lt",GE,"7,52",1001,"3,01",2,NULL,NULL,0,19,1,NULL,NULL
1285,Gummiring 400 Stk. Packung,HH,"2,07",1001,"0,83",2,NULL,NULL,0,19,1,NULL,NULL
1286,Gummiring für Set 550338,HH,"1,42",1001,"0,57",2,NULL,NULL,0,19,1,NULL,NULL
1287,Gesundheitsliege Sylt Gelb/weiss,GA,"76,09",1001,"30,44",5,NULL,NULL,0,19,1,NULL,NULL
1288,Gesundheitsliege Sylt Blau/weiss,GA,"76,09",1001,"30,44",5,NULL,NULL,0,19,1,NULL,NULL
1289,Gewürzreibe,GE,"3,16",1001,"1,26",2,NULL,NULL,0,19,1,NULL,NULL
1290,"Garten-Vlies 10 X 1,5 Me",GA,"10,79",1001,"4,32",2,NULL,NULL,0,19,1,NULL,NULL
1291,Grundausstattung 5 tlg.,GE,"5,45",1020,"2,18",2,NULL,NULL,0,19,1,NULL,NULL
1292,Gardena Schlauchwagen 2610,GA,"50,04",1001,"20,04",5,2,NULL,0,19,1,NULL,NULL
1293,Gartenlaube Wörthersee,GA,"434,95",1001,"173,98",NULL,NULL,NULL,0,19,1,NULL,NULL
1294,Gugelhupfform Glas,KG,"21,58",1001,"8,63",3,NULL,NULL,0,19,1,NULL,NULL
1295,Gugelhupfform 22 cm Progriff,KG,"24,96",1001,"9,99",3,NULL,NULL,0,19,1,NULL,NULL
1296,Gardena Baumschere 302,GA,"48,95",1008,"19,58",5,NULL,NULL,2401,19,1,NULL,NULL
1297,Gardena Fächerbesen mit Stiel 3102+3703,HW,"21,69",1008,"8,68",3,NULL,NULL,1,19,1,NULL,NULL
1298,Gardena Turbinenregner 830,GA,"32,48",1008,"12,99",3,NULL,NULL,0,19,1,NULL,NULL
1299,Gardena Wandschlauch- Träger 2650,GA,"64,21",1008,"25,68",5,NULL,NULL,801,19,1,NULL,NULL
1301,Gartenschaukel mit Kissen,GA,"206,03",1001,"82,41",5,NULL,NULL,0,19,1,NULL,NULL
1302,Gartentisch Berlin Grün,GA,"54,29",1008,"21,71",5,NULL,NULL,0,19,1,NULL,NULL
1303,Gewebeluftmatratze,GA,"21,58",1001,"8,63",3,NULL,NULL,0,19,1,NULL,NULL
1304,Giesser Barkerole,GE,"8,61",1001,"3,44",2,NULL,NULL,0,19,1,NULL,NULL
1305,Gemüsehobel Holz,GE,"16,24",1001,"6,50",3,NULL,NULL,0,19,1,NULL,NULL
1306,Gardena Pumpsprüher 1 lt 847-20,GA,"7,52",1008,"3,01",2,NULL,NULL,0,19,1,NULL,NULL
1307,Gardena Drucksprüher 867 3 lt,GA,"53,96",1008,"21,58",5,NULL,NULL,161,19,1,NULL,NULL
1308,Gardena Drucksprüher 869 5 lt,GA,"62,03",1008,"24,81",5,NULL,NULL,0,19,1,NULL,NULL
1309,Gartentisch Berlin Weiss,GA,"43,39",1008,"17,35",5,NULL,NULL,0,19,1,NULL,NULL
1310,Garnierspritze,KG,"6,43",1001,"2,57",2,NULL,NULL,0,19,1,NULL,NULL
1311,Gewebe Box Luftmatratze,GA,"24,96",1020,"9,99",3,NULL,NULL,0,19,1,NULL,NULL
1312,Gewebe Doppelbox Luftmatratze,GA,"50,04",1001,"20,01",5,NULL,NULL,0,19,1,NULL,NULL
1314,Glasset 18 tlg.,GE,"10,90",1001,"4,36",2,NULL,NULL,0,19,1,NULL,NULL
1315,Germteigschüssel 3 Stk. Packung,KG,"14,06",1001,"5,62",3,NULL,NULL,0,19,1,NULL,NULL
1317,Gardena Schrubber 3640,GA,"10,79",1008,"4,32",2,NULL,NULL,321,19,1,NULL,NULL
1318,Gardena Regner 807,GA,"40,22",1008,"16,09",5,NULL,NULL,0,19,1,NULL,NULL
1319,"Gewebeschlauch 1/2"" 25 Me Rolle",GA,"10,79",1020,"4,32",2,NULL,NULL,0,19,1,NULL,NULL
1320,"Gewebeschlauch 1/2"" 50 Me Rolle",GA,"21,58",1020,"8,63",3,NULL,NULL,0,19,1,NULL,NULL
1321,"Gewebeschlauch 3/4"" 25 Me Rolle",GA,"27,14",1020,"10,86",3,NULL,NULL,0,19,1,NULL,NULL
1322,"Gewebeschlauch 3/4"" 50 Me Rolle",GA,"54,29",1020,"21,71",5,NULL,NULL,0,19,1,NULL,NULL
1323,Gloria Prima 5 Druckspritze,GE,"43,39",1001,"17,35",5,NULL,NULL,0,19,1,NULL,NULL
1324,Gloria Druckspritze 229 S,GA,"97,02",1020,"38,81",5,NULL,NULL,0,19,1,NULL,NULL
1325,Gloria 176 T Hochleistungsspritze 5 lt,GA,"170,05",1001,"68,02",5,NULL,NULL,0,19,1,NULL,NULL
1326,Gloria 2010 Kolbenrückenspritze 17lt,GA,"216,93",1001,"86,77",5,NULL,NULL,0,19,1,NULL,NULL
1327,Gloria Verlängerung 100 cm,GA,"21,58",1001,"8,63",3,NULL,NULL,0,19,1,NULL,NULL
1328,Gartenschirm Aktion Tnt 180 cm,GA,"14,06",1008,"5,62",3,NULL,NULL,0,19,1,NULL,NULL
1329,Gardena Handrasenmäher 30 cm,GA,"87,10",1008,"34,84",5,NULL,NULL,0,19,1,NULL,NULL
1330,Grillteller mit Rille 6 Stk. Packung,GE,"10,90",1020,"4,36",2,NULL,NULL,0,19,1,NULL,NULL
1331,Grillspiesse Rostfrei 6 Stk. Packung,GE,"6,43",1020,"2,57",2,NULL,NULL,0,19,1,NULL,NULL
1332,Geflügelschere,BE,"18,42",1001,"7,37",3,NULL,NULL,0,19,1,NULL,NULL
1333,Gloria 172 Rt Hochleistungsspritze 10lt,GA,"216,93",1001,"86,77",5,NULL,NULL,0,19,1,NULL,NULL
1334,Geschirrtücher Baumwolle P3 für Set 443265 Hr,GE,"4,25",1001,"1,70",2,NULL,NULL,0,19,1,NULL,NULL
1335,Gardena Teleskopstiel 3711,GA,"36,95",1008,"14,78",3,NULL,NULL,0,19,1,NULL,NULL
1336,Gardena Teleskopstiel 3712,GA,"47,42",1008,"18,97",5,NULL,NULL,0,19,1,NULL,NULL
1337,Geschirrtücher 9 Stk. Nur mit 60 Grad Waschen !,GE,"10,90",1001,"4,36",2,NULL,NULL,0,19,1,NULL,NULL
1338,Gugelhupfform 22 cm Weissblech,KG,"15,15",1001,"6,06",3,NULL,NULL,0,19,1,NULL,NULL
1339,Gardena Obstpflücker 3110,GA,"16,90",1008,"6,76",3,NULL,NULL,1801,19,1,NULL,NULL
1340,Gardena Druckspritze 875,GA,"43,39",1008,"17,35",5,NULL,NULL,0,19,1,NULL,NULL
1341,Garnierausstecher 6 Stk. Packung,GE,"3,82",1001,"1,53",2,NULL,NULL,0,19,1,NULL,NULL
1343,Gardena Cs Winkelbesen 3633,GA,"19,51",1008,"7,81",3,NULL,NULL,1,19,1,NULL,NULL
1344,Glasflasche 1 lt,HH,"2,07",1001,"0,83",2,NULL,NULL,0,19,1,NULL,NULL
1345,Gewürzei SB,GE,"7,52",1001,"3,01",2,NULL,NULL,0,19,1,NULL,NULL
1346,Holzschutzstreicherset 3 tlg.,HW,"12,97",1001,"5,19",3,NULL,NULL,0,19,1,NULL,NULL
1347,Hauszelt Colorado 360 X 240 X 180 cm,GA,"217,80",1001,"87,12",5,NULL,NULL,0,19,1,NULL,NULL
1348,Herzformenset 2 tlg.,GE,"12,97",1001,"5,19",3,NULL,NULL,0,19,1,NULL,NULL
1349,Haushaltsschnur 6 Rollen,HH,"10,90",1001,"4,36",2,NULL,NULL,0,19,1,NULL,NULL
1350,Hängematte Aloha,GA,"54,29",1020,"21,71",5,NULL,NULL,0,19,1,NULL,NULL
1351,Honigquaste,GE,"4,25",1001,"1,70",2,NULL,NULL,0,19,1,NULL,NULL
1352,Haushaltsschere,HW,"15,15",1001,"6,06",3,NULL,NULL,0,19,1,NULL,NULL
1353,Hornhautstift,HH,"8,61",1001,"3,44",2,NULL,NULL,0,19,1,NULL,NULL
1354,Heizkörperentlüfter,HH,"8,61",1020,"3,44",2,NULL,NULL,0,19,1,NULL,NULL
1355,Hecken- U. Baumscherenset Hs55w + As71t,GA,"32,70",1001,"13,08",3,NULL,NULL,0,19,1,NULL,NULL
1356,Holz Kindergarnitur,GA,"65,19",1001,"26,08",5,NULL,NULL,0,19,1,NULL,NULL
1357,Heckenschere Hs 52 Wt,GA,"21,58",1001,"8,63",3,NULL,NULL,0,19,1,NULL,NULL
1358,Heissner Pumpe P 15,GA,"108,79",1001,"43,52",5,NULL,NULL,0,19,1,NULL,NULL
1359,Herdabdeckplatte Dekor Hühner,HH,"10,68",1020,"4,27",2,NULL,NULL,0,19,1,NULL,NULL
1361,Herdabdeckplatte Dekor Gemüse,HH,"10,68",1020,"4,27",2,NULL,NULL,0,19,1,NULL,NULL
1362,Hosenbügel,HH,"10,68",1001,"4,27",2,NULL,NULL,0,19,1,NULL,NULL
1363,Holzliegestuhl mit Fussteil,GA,"43,39",1001,"17,35",5,NULL,NULL,0,19,1,NULL,NULL
1364,Handkescher,GA,"34,88",1001,"13,95",3,NULL,NULL,0,19,1,NULL,NULL
1365,Handfeger Rosshaar,GE,"5,34",1020,"2,14",2,NULL,NULL,0,19,1,NULL,NULL
1366,Holzteller mit Saftrille für Set 364409 Hr,GE,"2,07",1001,"0,83",2,NULL,NULL,0,19,1,NULL,NULL
1367,Hobel Pantha,GE,"21,58",1001,"8,63",3,NULL,NULL,0,19,1,NULL,NULL
1368,Heizmatte Bwm Htn 150 S,GE,"38,04",1020,"15,22",5,NULL,NULL,0,19,1,NULL,NULL
1369,Heizkesselbürste 40x80,GE,"8,18",1001,"3,27",2,NULL,NULL,0,19,1,NULL,NULL
1370,Heizkesselbürste 50x100,GE,"8,61",1001,"3,44",2,NULL,NULL,0,19,1,NULL,NULL
1371,Heizkesselbürste 50x120,GE,"9,70",1001,"3,88",2,NULL,NULL,0,19,1,NULL,NULL
1372,Huhnform 1 lt Weissblech,KG,"15,15",1001,"6,06",3,NULL,NULL,0,19,1,NULL,NULL
1373,"Hasenform 0,5 lt Weissblech",GE,"9,70",1020,"3,88",2,NULL,NULL,0,19,1,NULL,NULL
1374,"Heissner Folie 0,5",GE,"6,43",1001,"2,57",2,NULL,NULL,0,19,1,NULL,NULL
1375,Heizkörperreiniger,GE,"10,68",1020,"4,27",2,NULL,NULL,0,19,1,NULL,NULL
1376,Heizkörperreiniger Flach,GE,"7,52",1020,"3,01",2,NULL,NULL,0,19,1,NULL,NULL
1378,Herdbackblech mit Rührteig,GE,"21,58",1020,"8,63",3,NULL,NULL,0,19,1,NULL,NULL
1379,Hosenspanner Metall 2 Stk. Packung,HH,"7,52",1001,"3,01",2,NULL,NULL,0,19,1,NULL,NULL
1380,Isi Rezeptheft,HH,"0,00",1001,"0,00",2,NULL,NULL,0,19,1,NULL,NULL
1381,"Isolierkanne 1,9 lt Airpot",GE,"10,68",1001,"4,27",2,NULL,NULL,0,19,1,NULL,NULL
1382,"Indianer Krapfenform 35,5 X 27 cm",KG,"8,61",1001,"3,44",2,NULL,NULL,0,19,1,NULL,NULL
1383,Intensiventkalker 6 Stk. Packung Sb,HH,"8,61",1001,"3,44",2,NULL,NULL,0,19,1,NULL,NULL
1384,Insektenschutz für Kinderwagen Sb,HH,"7,52",1001,"3,01",2,NULL,NULL,0,19,1,NULL,NULL
1385,Juwel Folienfrühbeet,GA,"65,19",1020,"26,08",5,NULL,NULL,0,19,1,NULL,NULL
1386,Jalousetten-Reiniger 2 Stk. Packung Sb,HH,"9,70",1001,"3,88",2,NULL,NULL,0,19,1,NULL,NULL
1387,Jausenset 30 tlg.,GE,"32,48",1001,"12,99",3,NULL,NULL,0,19,1,NULL,NULL
1388,Jausenmesser,BE,"4,25",1001,"1,70",2,NULL,NULL,0,19,1,NULL,NULL
1389,Juwel Wäschespinne Novamatic 60 Me,HH,"206,03",1001,"82,41",5,NULL,NULL,0,19,1,NULL,NULL
1390,Jumbo Stapelregal Beige für Set 454148,HH,"9,70",1020,"3,88",2,NULL,NULL,0,19,1,NULL,NULL
1391,Juwel Wäschespinne Alustar 60 Me,HH,"43,39",1001,"17,35",5,NULL,NULL,0,19,1,NULL,NULL
1392,Juwel Wäschespinne Comfort 60 Me,HH,"86,99",1001,"34,80",5,NULL,NULL,0,19,1,NULL,NULL
1393,Juwel Wäschespinne Brillant 60 Me,HH,"147,16",1001,"58,86",5,NULL,NULL,0,19,1,NULL,NULL
1394,Juwel Frühbeetkasten,GA,"140,62",1020,"56,25",5,NULL,NULL,0,19,1,NULL,NULL
1395,Juwel Anbausatz 1000,GA,"107,92",1001,"43,17",5,NULL,NULL,0,19,1,NULL,NULL
1396,Juwel Lüftungsautomat,HH,"65,19",1001,"26,08",5,NULL,NULL,0,19,1,NULL,NULL
1398,Jumbo Stapelregal 4 Stk.,HH,"31,50",1020,"12,60",3,NULL,NULL,0,19,1,NULL,NULL
1399,Jausenbretter P6 für Set 438544,GE,"9,70",1001,"3,88",2,NULL,NULL,0,19,1,NULL,NULL
1400,Kleiderbügel mit Steg 3 Stk. Packung,HH,"7,52",1001,"3,01",2,NULL,NULL,0,19,1,NULL,NULL
1401,Kleiderbügel mit Steg für Set 508322,HH,"2,73",1001,"1,09",2,NULL,NULL,0,19,1,NULL,NULL
1402,Kaffeelöffel 6 Stk. Packung,GE,"6,43",1001,"2,57",2,NULL,NULL,0,19,1,NULL,NULL
1403,Kuchengabel 6 Stk. Packung,BE,"7,52",1001,"3,01",2,NULL,NULL,0,19,1,NULL,NULL
1404,Kleiderhüllen Hr 12 Stk. Packung,HH,"10,68",1001,"4,27",2,NULL,NULL,0,19,1,NULL,NULL
1405,Kochfeldreiniger mit Schaber Sb,HH,"10,68",1001,"4,27",2,NULL,NULL,0,19,1,NULL,NULL
1406,Kasserolle Brillant 14 cm,KG,"21,58",1001,"8,63",3,NULL,NULL,0,19,1,NULL,NULL
1407,Kochlöffelset 5 tlg.,GE,"8,61",1001,"3,44",2,NULL,NULL,0,19,1,NULL,NULL
1408,Küchenschaufel 3 tlg.,KG,"3,16",1001,"1,26",2,NULL,NULL,0,19,1,NULL,NULL
1409,Krups Universal- Zerkleinerer Speedy,EG,"54,29",1001,"21,71",5,NULL,NULL,0,19,1,NULL,NULL
1410,Kinderrutsche,GA,"118,82",1001,"47,53",5,NULL,NULL,0,19,1,NULL,NULL
1411,Kaffeekanne Atelier,GE,"21,58",1001,"8,63",3,NULL,NULL,0,19,1,NULL,NULL
1412,Kaffeebecher Atelier 6 Stk.-Packung,GE,"17,33",1001,"6,93",3,NULL,NULL,0,19,1,NULL,NULL
1413,Kaffeebecher Atelier für Set 547802,GE,"3,16",1001,"1,26",2,NULL,NULL,0,19,1,NULL,NULL
1414,Kaffeetasse mit Untertasse Atelier,GE,"4,58",1001,"1,83",2,NULL,NULL,0,19,1,NULL,NULL
1415,Kaffeetasse mit Untertasse Atelier,GE,"27,14",1001,"10,86",3,NULL,NULL,0,19,1,NULL,NULL
1416,Kompottschüssel 13 cm Atelier,GE,"3,82",1001,"1,53",2,NULL,NULL,0,19,1,NULL,NULL
1417,Kompottschüssel 13 cm Atelier,GE,"21,58",1001,"8,63",3,NULL,NULL,0,19,1,NULL,NULL
1418,Kelomat Futura 4 lt Schnellkochtopfset 4 tlg.,KG,"130,59",1001,"52,24",5,NULL,NULL,0,19,1,NULL,NULL
1419,Karaffe Glas,GE,"7,52",1001,"3,01",2,NULL,NULL,0,19,1,NULL,NULL
1421,Küchenhacke,BE,"14,06",1001,"5,62",3,NULL,NULL,0,19,1,NULL,NULL
1422,Küchenreibe,KG,"7,52",1001,"3,01",2,NULL,NULL,0,19,1,NULL,NULL
1423,Kaffeemass,GE,"10,68",1001,"4,27",2,NULL,NULL,0,19,1,NULL,NULL
1424,Kelomat Gourmet Pfanne 24 cm,KG,"50,04",1001,"20,01",5,NULL,NULL,0,19,1,NULL,NULL
1425,Kelomat Gourmet Pfanne 28 cm,KG,"54,29",1001,"21,71",5,NULL,NULL,0,19,1,NULL,NULL
1426,Kochtopf Universal 8 lt,KG,"54,29",1001,"21,29",2,4,NULL,0,19,1,NULL,NULL
1427,Kekspresse Ampia,GE,"21,58",1001,"8,63",3,NULL,NULL,0,19,1,NULL,NULL
1428,Kissentasche,HH,"16,24",1001,"6,50",3,NULL,NULL,0,19,1,NULL,NULL
1429,Krawattenhalter,HH,"15,15",1001,"6,06",3,NULL,NULL,0,19,1,NULL,NULL
1430,Kühlbox Hart 20 lt,HH,"20,60",1001,"8,24",3,NULL,NULL,0,19,1,NULL,NULL
1431,Kelomat Murano Bratentopf 16 cm,KG,"93,64",1001,"37,46",5,NULL,NULL,0,19,1,NULL,NULL
1432,Kelomat Murano Bratentopf 20 cm,KG,"108,79",1001,"43,52",5,NULL,NULL,0,19,1,NULL,NULL
1433,Kelomat Murano Bratentopf 24 cm,KG,"141,49",1001,"56,60",5,NULL,NULL,0,19,1,NULL,NULL
1434,Kelomat Murano Fleischtopf 16 cm,KG,"97,89",1001,"39,16",5,NULL,NULL,0,19,1,NULL,NULL
1435,Kelomat Murano Fleischtopf 20 cm,KG,"119,69",1001,"47,88",5,NULL,NULL,0,19,1,NULL,NULL
1436,Kelomat Murano Fleischtopf 24 cm,KG,"152,39",1001,"60,96",5,NULL,NULL,0,19,1,NULL,NULL
1438,Kelomat Murano Stielkasserolle 16 cm,KG,"71,84",1001,"28,73",5,NULL,NULL,0,19,1,NULL,NULL
1439,Koffertisch,HH,"76,09",1001,"30,44",5,NULL,NULL,0,19,1,NULL,NULL
1440,Kelomat Grillmeister Pfanne 28 cm,KG,"108,79",1001,"43,52",5,NULL,NULL,0,19,1,NULL,NULL
1441,Kelomat Grillmeister Pfanne 24 cm,KG,"97,89",1001,"39,16",5,NULL,NULL,0,19,1,NULL,NULL
1442,Kaffeebecher Mugs 6 Stk. Packung,GE,"12,97",1001,"5,19",3,NULL,NULL,0,19,1,NULL,NULL
1443,Kompottgarnitur Caracas 7 tlg.,GE,"10,68",1001,"4,27",2,NULL,NULL,0,19,1,NULL,NULL
1444,Küchensieb Rostfrei,KG,"10,68",1001,"4,27",2,NULL,NULL,0,19,1,NULL,NULL
1445,Knödelschöpfer Hr Brillant,KG,"6,43",1001,"2,57",2,NULL,NULL,0,19,1,NULL,NULL
1446,Königskuchenform 30 cm Progriff,KG,"24,96",1001,"9,99",3,NULL,NULL,0,19,1,NULL,NULL
1447,Klapphocker,HH,"9,70",1001,"3,88",2,NULL,NULL,0,19,1,NULL,NULL
1448,Küchenlöffelset 6 tlg.,BE,"32,48",1001,"12,99",3,NULL,NULL,0,19,1,NULL,NULL
1449,Kühltasche 16 lt,HH,"9,70",1001,"3,88",2,NULL,NULL,0,19,1,NULL,NULL
1450,Kühltasche 26 lt,HH,"12,54",1001,"5,01",3,NULL,NULL,0,19,1,NULL,NULL
1451,Kinderzahnbürste mit Aufsteller,HH,"10,90",1001,"4,36",2,NULL,NULL,0,19,1,NULL,NULL
1452,Kleiderständer,HH,"43,39",1001,"17,35",5,NULL,NULL,0,19,1,NULL,NULL
1453,Kehrgarnitur,HH,"10,68",1001,"4,27",2,NULL,NULL,0,19,1,NULL,NULL
1454,Komposter Thermo Star,GA,"174,20",1001,"69,68",5,NULL,NULL,0,19,1,NULL,NULL
1455,Kinder-Holzliegestuhl,HH,"14,06",1001,"5,62",3,NULL,NULL,0,19,1,NULL,NULL
1456,Kühlbox Hart 32 lt,HH,"32,48",1001,"12,99",3,NULL,NULL,0,19,1,NULL,NULL
1457,Kühlbox 990 Sl,HH,"76,09",1001,"30,44",5,NULL,NULL,0,19,1,NULL,NULL
1458,Klettband 5 Meter Weiss,HH,"5,34",1001,"2,14",2,NULL,NULL,0,19,1,NULL,NULL
1459,Knoblauchpresse Hr Brillant,KG,"8,61",1001,"3,44",2,NULL,NULL,0,19,1,NULL,NULL
1460,Kochlöffelset 3 Stk. Packung,KG,"4,25",1001,"1,70",2,NULL,NULL,0,19,1,NULL,NULL
1461,Kurzzeitmesser Koch,BE,"8,61",1001,"3,44",2,NULL,NULL,0,19,1,NULL,NULL
1462,Kinderersatzbürste 4 Stk. Packung,HH,"4,25",1001,"1,70",2,NULL,NULL,0,19,1,NULL,NULL
1463,Kaffeeset Hallein 18 tlg.,GE,"32,48",1001,"12,99",3,NULL,NULL,0,19,1,NULL,NULL
1464,Kindergarnitur 3 tlg.,GE,"5,45",1001,"2,18",2,NULL,NULL,0,19,1,NULL,NULL
1465,Kaffeetasse mit Untertasse Rapsodie,GE,"15,15",1001,"6,06",3,NULL,NULL,0,19,1,NULL,NULL
1466,Kaffeetasse mit Untertasse Rapsodie,GE,"2,73",1001,"1,09",2,NULL,NULL,0,19,1,NULL,NULL
1467,Klapptrittleiter,HH,"21,58",1001,"8,63",3,NULL,NULL,0,19,1,NULL,NULL
1468,Kaffeetasse mit Untertasse Barkerole,GE,"5,34",1001,"2,14",2,NULL,NULL,0,19,1,NULL,NULL
1469,Konturenschneidhilfe,KG,"10,68",1001,"4,27",2,NULL,NULL,0,19,1,NULL,NULL
1470,Kaffeebecher Bluete 6 Stk. Packung,GE,"10,68",1001,"4,27",2,NULL,NULL,0,19,1,NULL,NULL
1472,Kartoffelstampfer Hr Brillant,KG,"6,43",1001,"2,57",2,NULL,NULL,0,19,1,NULL,NULL
1473,Krankentrinkschale,GE,"3,16",1001,"1,26",2,NULL,NULL,0,19,1,NULL,NULL
1474,Klappbox 48x35 cm für Set 654418,HH,"6,43",1001,"2,57",2,NULL,NULL,0,19,1,NULL,NULL
1475,Kühlbox Hart 8 lt,HH,"16,24",1001,"6,50",3,NULL,NULL,0,19,1,NULL,NULL
1476,Kelomat Montana Standardpfanne 20 cm,KG,"51,13",1001,"20,45",5,NULL,NULL,0,19,1,NULL,NULL
1477,Kelomat Montana Standardpfanne 24 cm,KG,"63,12",1001,"25,25",5,NULL,NULL,0,19,1,NULL,NULL
1478,Kelomat Montana Standardpfanne 28 cm,KG,"76,09",1001,"30,44",5,NULL,NULL,0,19,1,NULL,NULL
1479,Kelomat Glasdeckel 24 cm,KG,"24,96",1001,"9,99",3,NULL,NULL,0,19,1,NULL,NULL
1480,Kelomat Glasdeckel 28 cm,KG,"29,32",1001,"11,73",3,NULL,NULL,0,19,1,NULL,NULL
1481,Kelomat Universalbräter,KG,"174,20",1001,"69,68",5,NULL,NULL,0,19,1,NULL,NULL
1482,Kelomat Murano Pfanne mit Deckel 28 cm,KG,"119,69",1001,"47,88",5,NULL,NULL,0,19,1,NULL,NULL
1483,Kelomat Murano Geschirrset 9 tlg.,KG,"325,94",1001,"130,38",2,NULL,NULL,0,19,1,NULL,NULL
1484,Kaffeeservice 15 tlg. Zwiebelmuster,GE,"97,89",1001,"39,16",5,NULL,NULL,0,19,1,NULL,NULL
1485,Kaffeebecher Jagatee,GE,"5,34",1001,"2,14",2,NULL,NULL,0,19,1,NULL,NULL
1487,Kaffeebecher Wien 3 Stk. Packung,GE,"10,68",1001,"4,27",2,NULL,NULL,0,19,1,NULL,NULL
1488,Kombiservice Rio 30 tlg.,HH,"196,00",1001,"78,40",5,NULL,NULL,0,19,1,NULL,NULL
1489,Kaffeebecher Konfetti für Set,GE,"2,73",1001,"1,09",2,NULL,NULL,0,19,1,NULL,NULL
1490,Kaffeebecher Konfetti 3 Stk Packung,GE,"7,52",1001,"3,01",2,NULL,NULL,0,19,1,NULL,NULL
1491,Kaffeebecher Ilse 6 Stk. Packung,GE,"10,68",1001,"4,27",2,NULL,NULL,0,19,1,NULL,NULL
1492,Kinderbesteck 4 tlg.,BE,"7,52",1001,"3,01",2,NULL,NULL,0,19,1,NULL,NULL
1493,Knoblauchtopf für Set,GE,"6,43",1001,"2,57",2,NULL,NULL,0,19,1,NULL,NULL
1494,Kelomat Montana Pfanne 24 cm Flach,KG,"57,67",1001,"23,07",5,NULL,NULL,0,19,1,NULL,NULL
1495,Kelomat Montana Pfanne 26 cm Flach,KG,"65,19",1001,"26,08",5,NULL,NULL,0,19,1,NULL,NULL
1496,Kelomat Montana Pfanne 28 cm Flach,KG,"72,93",1001,"29,17",5,NULL,NULL,0,19,1,NULL,NULL
1497,Kräuterteetasse,GE,"4,25",1001,"1,70",2,NULL,NULL,0,19,1,NULL,NULL
1498,Käsefondue 9 tlg.,GE,"32,48",1001,"12,99",3,NULL,NULL,0,19,1,NULL,NULL
1499,Kochstar Pfanne Primus 20 cm,KG,"21,58",1001,"8,63",3,NULL,NULL,0,19,1,NULL,NULL
1500,Kochstar Pfanne Primus 24 cm,KG,"29,32",1001,"11,32",2,2,,0,19,1,NULL,NULL
1502,Kochstar Pfanne Juwel 20 cm,KG,"26,05",1001,"10,42",3,NULL,NULL,0,19,1,NULL,NULL
1503,Kochstar Pfanne Juwel 24 cm,KG,"32,48",1001,"12,99",3,NULL,NULL,0,19,1,NULL,NULL
1504,Kochstar Pfanne Juwel 28 cm,KG,"36,95",1001,"14,78",3,NULL,NULL,0,19,1,NULL,NULL
1506,Keksdosenset 3 tlg.,GE,"10,68",1001,"4,27",2,NULL,NULL,0,19,1,NULL,NULL
1507,Kinder-Werkzeugset,HW,"10,90",1001,"4,36",2,NULL,NULL,0,19,1,NULL,NULL
1508,Kaiser Knusperpinsel,KG,"7,52",1001,"3,01",2,NULL,NULL,0,19,1,NULL,NULL
1509,Kaiser Backblech Knusperfit,KG,"17,33",1001,"6,93",3,NULL,NULL,0,19,1,NULL,NULL
1510,Kometen Backform,KG,"10,68",1001,"4,27",2,NULL,NULL,0,19,1,NULL,NULL
1511,Krups Kaffeeautomat Ka/espresso Primo,EG,"174,20",1001,"69,68",5,NULL,NULL,0,19,1,NULL,NULL
1512,Krups Haarfön Hf/pro Care 1200,EG,"43,39",1001,"17,35",5,NULL,NULL,0,19,1,NULL,NULL
1513,Kuchenrost 32 cm,KG,"12,97",1001,"5,19",3,NULL,NULL,0,19,1,NULL,NULL
1514,Korbflasche 3 lt,GE,"15,15",1001,"6,06",3,NULL,NULL,0,19,1,NULL,NULL
1515,Kuppelzelt Iglo 240 X 210 cm,GA,"108,79",1001,"43,52",5,NULL,NULL,0,19,1,NULL,NULL
1516,Krapfentuelle,KG,"7,52",1001,"3,01",2,NULL,NULL,0,19,1,NULL,NULL
1517,Kelomat Blitzgrill,KG,"32,48",1001,"12,99",3,NULL,NULL,0,19,1,NULL,NULL
1518,Kartoffelpresse,GE,"8,61",1001,"3,44",2,NULL,NULL,0,19,1,NULL,NULL
1519,Kaminbürste Rund 160 Mm,HW,"24,96",1001,"9,99",3,NULL,NULL,0,19,1,NULL,NULL
1521,Kaminbürste Rund 200 Mm,HW,"29,32",1001,"11,73",3,NULL,NULL,0,19,1,NULL,NULL
1522,Königskuchenform 30 cm Weissblech,KG,"6,00",1001,"2,40",2,NULL,NULL,0,19,1,NULL,NULL
1523,Krug 1 lt,GE,"6,43",1001,"2,57",2,NULL,NULL,0,19,1,NULL,NULL
1524,Küchenschüsseln 3 tlg.,GE,"20,60",1001,"8,24",3,NULL,NULL,0,19,1,NULL,NULL
1525,Knickhalme 40 Stk. für Set 440066,GE,"1,09",1001,"0,44",2,NULL,NULL,0,19,1,NULL,NULL
1526,Knickhalme 80 Stk.,GE,"2,07",1001,"0,83",2,NULL,NULL,0,19,1,NULL,NULL
1527,Königskuchenform 35 cm Weissblech,KG,"6,43",1001,"2,57",2,NULL,NULL,0,19,1,NULL,NULL
1528,Kasserolle Brillant 16 cm,KG,"30,41",1001,"12,17",3,NULL,NULL,0,19,1,NULL,NULL
1529,Kasserolle Brillant 20 cm,KG,"34,77",1001,"13,91",3,NULL,NULL,0,19,1,NULL,NULL
1530,Kasserolle Brillant 24 cm,KG,"45,67",1001,"18,27",5,NULL,NULL,0,19,1,NULL,NULL
1531,Kochtopf Brillant 16 cm,KG,"30,41",1001,"12,17",3,NULL,NULL,0,19,1,NULL,NULL
1532,Kochtopf Brillant 20 cm,KG,"38,04",1001,"15,22",5,NULL,NULL,0,19,1,NULL,NULL
1533,Kochtopf Brillant 24 cm,KG,"54,29",1001,"21,71",5,NULL,NULL,0,19,1,NULL,NULL
1534,Kochplattenreiniger,HH,"7,52",1001,"3,01",2,NULL,NULL,0,19,1,NULL,NULL
1535,Krapfenausstecher 2 Stk. Packung,KG,"3,16",1001,"1,26",2,NULL,NULL,0,19,1,NULL,NULL
1537,Krapfenausstecher 6 cm für Set 475396,KG,"1,74",1001,"0,70",2,NULL,NULL,0,19,1,NULL,NULL
1538,Kinderbügel 3 Stk. Packung,HH,"3,16",1001,"1,26",2,NULL,NULL,0,19,1,NULL,NULL
1539,Klammernbügel 40 cm 2 Stk. Packung,HH,"6,43",1001,"2,57",2,NULL,NULL,0,19,1,NULL,NULL
1540,Kasserolle Brillant 18 cm,KG,"32,48",1001,"12,99",3,NULL,NULL,0,19,1,NULL,NULL
1541,Kochtopf Brillant 18 cm,KG,"34,77",1001,"13,91",3,NULL,NULL,0,19,1,NULL,NULL
1542,Kaffeebecher Almspruch,GE,"5,34",1001,"2,14",2,NULL,NULL,0,19,1,NULL,NULL
1543,Kartoffelstampfer,KG,"2,07",1001,"0,83",2,NULL,NULL,0,19,1,NULL,NULL
1544,Kochschüsselsatz Eckig 3 tlg.,KG,"32,48",1001,"12,99",3,NULL,NULL,0,19,1,NULL,NULL
1545,Lampe mit Öl,HH,"14,06",1001,"5,62",3,NULL,NULL,0,19,1,NULL,NULL
1546,Limolöffel 6 Stk. Packung,BE,"8,61",1001,"3,44",2,NULL,NULL,0,19,1,NULL,NULL
1547,Leifheit Rollenhalter Perfect,HH,"41,31",1001,"16,53",5,NULL,NULL,0,19,1,NULL,NULL
1548,Leifheit Einfülltrichter,HH,"7,52",1001,"3,01",2,NULL,NULL,0,19,1,NULL,NULL
1549,Leifheit Knoblauchpresse Creativ,HH,"12,97",1001,"5,19",3,NULL,NULL,0,19,1,NULL,NULL
1550,Leifheit Dosenöffner Creativ,HH,"14,06",1001,"5,62",3,NULL,NULL,0,19,1,NULL,NULL
1551,Leifheit Bügeltischbezug 110 X 32 cm,HH,"9,70",1001,"3,88",2,NULL,NULL,0,19,1,NULL,NULL
1552,Leifheit Bügeltisch Carolin,HH,"43,39",1001,"17,35",5,NULL,NULL,0,19,1,NULL,NULL
1553,Leifheit Bügeltischbezug 115 X 35 cm,HH,"10,68",1001,"4,27",2,NULL,NULL,0,19,1,NULL,NULL
1554,Leifheit Ärmelbrett,HH,"10,68",1001,"4,27",2,NULL,NULL,0,19,1,NULL,NULL
1555,Leifheit Korkenzieher Vino,HH,"15,15",1001,"6,06",3,NULL,NULL,0,19,1,NULL,NULL
1557,Leifheit Überzug Nass Hausrein,HH,"21,58",1001,"8,63",3,NULL,NULL,0,19,1,NULL,NULL
1558,Leiterwagen,GA,"43,39",1001,"17,35",5,NULL,NULL,0,19,1,NULL,NULL
1559,Leifheit Überzug Trocken Hausrein,HH,"21,58",1001,"8,63",3,NULL,NULL,0,19,1,NULL,NULL
1560,Lebkuchenausstecher Schaukelpferd,KG,"6,43",1001,"2,57",2,NULL,NULL,0,19,1,NULL,NULL
1561,Leifheit Bodenwischer,HH,"65,19",1001,"26,08",5,NULL,NULL,0,19,1,NULL,NULL
1562,Leifheit Ersatzbodentuch für Bodenwischer,HH,"8,61",1001,"3,44",2,NULL,NULL,0,19,1,NULL,NULL
1563,Leifheit Eierschneider,HH,"15,15",1001,"6,06",3,NULL,NULL,0,19,1,NULL,NULL
1564,Leifheit Allzweckreibe,KG,"21,69",1001,"8,68",3,NULL,NULL,0,19,1,NULL,NULL
1565,"Lampenöl 0,75 lt",HH,"4,25",1001,"1,70",2,NULL,NULL,0,19,1,NULL,NULL
1566,Liegematte Sortiert 170 X 50 X 2 cm,GA,"16,24",1001,"6,50",3,NULL,NULL,0,19,1,NULL,NULL
1567,Leifheit Deckelöffner,HH,"10,68",1001,"4,27",2,NULL,NULL,0,19,1,NULL,NULL
1568,"Lammform 0,5 lt Weissblech",KG,"9,70",1001,"3,88",2,NULL,NULL,0,19,1,NULL,NULL
1569,Luftmatratzenset PVC 2 Stk. Packung,GA,"10,90",1001,"4,36",2,NULL,NULL,0,19,1,NULL,NULL
1570,Latzhose Blau 46,HW,"32,48",1001,"12,99",3,NULL,NULL,0,19,1,NULL,NULL
1571,Latzhose Blau 48,HW,"32,48",1001,"12,99",3,NULL,NULL,0,19,1,NULL,NULL
1572,Latzhose Blau 50,HW,"32,48",1001,"12,99",3,NULL,NULL,0,19,1,NULL,NULL
1573,Latzhose Blau 52,HW,"32,48",1001,"12,99",3,NULL,NULL,0,19,1,NULL,NULL
1575,Latzhose Blau 56,HW,"32,48",1001,"12,99",3,NULL,NULL,0,19,1,NULL,NULL
1576,Lackierpinselset 5 tlg. Reine Chinaborste,KG,"10,68",1001,"4,27",2,NULL,NULL,0,19,1,NULL,NULL
1577,Luftmatratze Komfort Doppelbett 198 X 150 cm,GA,"54,29",1001,"21,71",5,NULL,NULL,0,19,1,NULL,NULL
1578,Luftmatratze Komfort Einzelbett 190 X 98 cm,GA,"43,39",1001,"17,35",5,NULL,NULL,0,19,1,NULL,NULL
1579,"Liegematte Isoliermatte 8 Mm, 185 X 50 cm",GA,"7,52",1001,"3,01",2,NULL,NULL,0,19,1,NULL,NULL
1580,Leifheit Ersatzschrubber,HH,"12,97",1001,"5,19",3,NULL,NULL,0,19,1,NULL,NULL
1581,Leifheit Garnierspritze,HH,"15,15",1001,"6,06",3,NULL,NULL,0,19,1,NULL,NULL
1582,Moulinex Friteuse F/aktion A 08,EG,"65,19",1001,"26,08",5,NULL,NULL,0,19,1,NULL,NULL
1583,Mole Stop,GA,"195,13",1001,"78,05",5,NULL,NULL,0,19,1,NULL,NULL
1584,Moulinex Fleischwolf,EG,"217,80",1001,"87,12",5,NULL,NULL,0,19,1,NULL,NULL
1585,Moulinex Passiermaschine Gross,EG,"17,33",1001,"6,93",3,NULL,NULL,0,19,1,NULL,NULL
1586,"Milchkanne 0,6 lt",GE,"15,15",1001,"6,06",3,NULL,NULL,0,19,1,NULL,NULL
1587,Milchkanne 1 lt,GE,"21,58",1001,"8,63",3,NULL,NULL,0,19,1,NULL,NULL
1588,Moulinex Zitruspresse,EG,"27,14",1001,"10,86",3,NULL,NULL,0,19,1,NULL,NULL
1590,Mikrowellen Eierkocher 2 Stk. Packung,GE,"7,52",1001,"3,01",2,NULL,NULL,0,19,1,NULL,NULL
1591,Mosquito Stop Twinny,HH,"32,48",1001,"12,99",3,NULL,NULL,0,19,1,NULL,NULL
1592,Moccatasse mit Untertasse Atelier,GE,"21,58",1001,"8,63",3,NULL,NULL,0,19,1,NULL,NULL
1593,Moccatasse mit Untertasse Atelier,GE,"4,25",1001,"1,70",2,NULL,NULL,0,19,1,NULL,NULL
1594,Mouse Trap 3+1,HH,"9,70",1001,"3,88",2,NULL,NULL,0,19,1,NULL,NULL
1595,Mole Stop Solar,GA,"234,37",1001,"93,75",5,NULL,NULL,0,19,1,NULL,NULL
1596,Mikrowellen Reiskocher,GE,"26,05",1001,"10,42",3,NULL,NULL,0,19,1,NULL,NULL
1597,Melitta Folienschlauch 2 Stk. Packung,HH,"4,25",1001,"1,70",2,NULL,NULL,0,19,1,NULL,NULL
1598,Metall-Schirmständer Dreifuss,HH,"86,99",1001,"34,80",5,NULL,NULL,0,19,1,NULL,NULL
1599,Moulinex Haarfön Hf/infrasoft 1200 Watt,EG,"24,96",1001,"9,99",3,NULL,NULL,0,19,1,NULL,NULL
1600,Moulinex Haarfön Hf/infrasoft mit,EG,"54,29",1001,"21,71",5,NULL,NULL,0,19,1,NULL,NULL
1601,Mandelreibe,KG,"19,51",1001,"7,81",3,NULL,NULL,0,19,1,NULL,NULL
1602,Messerblock 6 tlg.,GE,"21,80",1001,"8,72",3,NULL,NULL,0,19,1,NULL,NULL
1603,Moulinex Dampfbügeleisen Da/ultimate,EG,"97,89",1001,"39,16",5,NULL,NULL,0,19,1,NULL,NULL
1605,Milchgiesser Rapsodie,GE,"3,16",1001,"1,26",2,NULL,NULL,0,19,1,NULL,NULL
1606,Menagen Rapsodie,GE,"7,52",1001,"3,01",2,NULL,NULL,0,19,1,NULL,NULL
1607,Menage 4 tlg.,GE,"17,33",1001,"6,93",3,NULL,NULL,0,19,1,NULL,NULL
1608,Melitta Schnellentkalker 4 Stk. Packung,HH,"3,16",1001,"1,26",2,NULL,NULL,0,19,1,NULL,NULL
1609,Moulinex Kaffeautomat,EG,"76,09",1001,"30,44",5,NULL,NULL,0,19,1,NULL,NULL
1610,Moulinex Filterset für Ka/crystall,EG,"10,68",1001,"4,27",2,NULL,NULL,0,19,1,NULL,NULL
1611,Musikglocke mit 24 Melodien,HH,"15,15",1001,"6,06",3,NULL,NULL,0,19,1,NULL,NULL
1612,Milchtopf Aktion 14 cm,KG,"5,45",1001,"2,18",2,NULL,NULL,0,19,1,NULL,NULL
1613,Moulinex Dampfbügeleisen Da/optimate 80,EG,"86,99",1001,"34,80",5,NULL,NULL,0,19,1,NULL,NULL
1614,Mosquito Stop 40,HH,"108,79",1001,"43,52",5,NULL,NULL,0,19,1,NULL,NULL
1615,Mücken-Stop Pocket,HH,"9,70",1001,"3,88",2,NULL,NULL,0,19,1,NULL,NULL
1616,Marktschirm-Ständer,GA,"29,32",1001,"11,73",3,NULL,NULL,0,19,1,NULL,NULL
1617,Motorhacke Meppy,HW,"543,96",1001,"217,58",NULL,NULL,NULL,0,19,1,NULL,NULL
1618,Mehlsieb Edelstahl,KG,"12,97",1001,"5,19",3,NULL,NULL,0,19,1,NULL,NULL
1619,Multifunktions- Scheinwerfer Halo 4,HW,"174,20",1001,"69,68",5,NULL,NULL,0,19,1,NULL,NULL
1620,Moulinex Küchenmaschine Km/jeanette E 12,EG,"86,99",1001,"34,80",5,NULL,NULL,0,19,1,NULL,NULL
1621,Melitta Schnellentkalker 2 Stk. Packung,HH,"1,64",1001,"0,65",2,NULL,NULL,0,19,1,NULL,NULL
1622,Melitta Folienschlauch für Set,HH,"2,17",1001,"0,87",2,NULL,NULL,0,19,1,NULL,NULL
1624,Milchkanne 2 lt Kunststoff,GE,"3,16",1001,"1,26",2,NULL,NULL,0,19,1,NULL,NULL
1625,Moulinex Passiermaschine Baby,EG,"10,68",1001,"4,27",2,NULL,NULL,0,19,1,NULL,NULL
1626,Möbelregal Holz 170 X 80 X 30 cm,HH,"32,48",1001,"12,99",3,NULL,NULL,0,19,1,NULL,NULL
1627,Mausfalle 2 Stk. Packung,HH,"2,18",1001,"0,87",2,NULL,NULL,0,19,1,NULL,NULL
1628,Mehlsieb und Puderzucker- Streuer 2 tlg.,KG,"10,68",1001,"4,27",2,NULL,NULL,0,19,1,NULL,NULL
1629,Messerset 6 tlg.,GE,"21,80",1001,"8,72",3,NULL,NULL,0,19,1,NULL,NULL
1630,Milchtopf Brillant 14 cm,KG,"26,05",1001,"10,42",3,NULL,NULL,0,19,1,NULL,NULL
1631,Moulinex Kaffeemühle,EG,"21,58",1001,"8,63",3,NULL,NULL,0,19,1,NULL,NULL
1632,Moulinex Dampfbügeleisen Da/ax 2 Chronomate,EG,"38,15",1001,"15,26",5,NULL,NULL,0,19,1,NULL,NULL
1633,Metallschaufel,HH,"5,34",1001,"2,14",2,NULL,NULL,0,19,1,NULL,NULL
1634,Nackenstütze,HH,"7,52",1001,"3,01",2,NULL,NULL,0,19,1,NULL,NULL
1635,Nussknacker Sieger,GE,"15,15",1001,"6,06",3,NULL,NULL,0,19,1,NULL,NULL
1636,Nachfüllpackung für Feuchtigkeitskiller,HH,"16,24",1001,"6,50",3,NULL,NULL,0,19,1,NULL,NULL
1637,Oetker Puddingformen 10 Stk. Packung,KG,"5,34",1001,"2,14",2,NULL,NULL,0,19,1,NULL,NULL
1638,Ofenthermometer,HH,"8,61",1001,"3,44",2,NULL,NULL,0,19,1,NULL,NULL
1639,Obstkorb Weide,GE,"11,99",1001,"4,80",2,NULL,NULL,0,19,1,NULL,NULL
1640,Pinselset 15 tlg. Hr,HW,"10,90",1001,"4,36",2,NULL,NULL,0,19,1,NULL,NULL
1642,Philips Gesichtsbräuner Gb/hp 170,EG,"108,79",1001,"43,52",5,NULL,NULL,0,19,1,NULL,NULL
1643,Pralinenförmchen Papier 150 Stk. Packung,KG,"5,34",1001,"2,14",2,NULL,NULL,0,19,1,NULL,NULL
1644,Papierförmchen 200 Stk. Packung,HH,"4,25",1001,"1,70",2,NULL,NULL,0,19,1,NULL,NULL
1645,Pfanne mit Deckel Brillant 28 cm,KG,"65,19",1001,"26,08",5,NULL,NULL,0,19,1,NULL,NULL
1646,Pflanzspalier Holz 50 X 200 cm,GA,"21,58",1001,"8,63",3,NULL,NULL,0,19,1,NULL,NULL
1647,Pflanzspalier Holz 200 X 100,GA,"28,23",1001,"11,29",3,NULL,NULL,0,19,1,NULL,NULL
1648,Platte 33 cm Atelier Oval,GE,"16,24",1001,"6,50",3,NULL,NULL,0,19,1,NULL,NULL
1649,Platte 29 cm Atelier Oval,GE,"15,15",1001,"6,06",3,NULL,NULL,0,19,1,NULL,NULL
1650,Platte 26 cm Atelier Oval,GE,"10,68",1001,"4,27",2,NULL,NULL,0,19,1,NULL,NULL
1651,Platte 22 cm Atelier Oval,GE,"8,61",1001,"3,44",2,NULL,NULL,0,19,1,NULL,NULL
1652,Puppen Buggy,HH,"10,90",1001,"4,36",2,NULL,NULL,0,19,1,NULL,NULL
1653,Patentflasche 2 lt,GE,"4,25",1001,"1,70",2,NULL,NULL,0,19,1,NULL,NULL
1654,Passiermaschine Rostfrei 20 cm,KG,"14,06",1001,"5,62",3,NULL,NULL,0,19,1,NULL,NULL
1655,Pinty Anstreich Set,HW,"43,39",1001,"17,35",5,NULL,NULL,0,19,1,NULL,NULL
1657,Pfanne 24 cm,KG,"8,61",1001,"3,44",2,NULL,NULL,0,19,1,NULL,NULL
1658,Pfanne 20 cm,KG,"7,52",1001,"3,01",2,NULL,NULL,0,19,1,NULL,NULL
1659,Philips Gesichtssauna,EG,"43,39",1001,"17,35",5,NULL,NULL,0,19,1,NULL,NULL
1660,Pastabrenner,GE,"6,43",1001,"2,57",2,NULL,NULL,0,19,1,NULL,NULL
1661,Philips Dampfbügeleisen Da/azur Hi 510,EG,"86,99",1001,"34,80",5,NULL,NULL,0,19,1,NULL,NULL
1662,Planschbecken Stahlrohr 250 X 165 X 50 cm,GA,"108,79",1001,"43,52",5,NULL,NULL,0,19,1,NULL,NULL
1663,Palatschinkenpfanne Hr,KG,"10,90",1001,"4,36",2,NULL,NULL,0,19,1,NULL,NULL
1664,Philips Staubsauger Sts/hand,EG,"108,79",1001,"43,52",5,NULL,NULL,0,19,1,NULL,NULL
1666,Platte Rapsodie Oval,GE,"10,68",1001,"4,27",2,NULL,NULL,0,19,1,NULL,NULL
1667,Platte 23 cm Barkerole Oval,GE,"10,68",1001,"4,27",2,NULL,NULL,0,19,1,NULL,NULL
1668,Picknick-Korb,GA,"54,29",1001,"21,71",5,NULL,NULL,0,19,1,NULL,NULL
1669,Pavillon 3 X 3 Meter Grün-Weiss,GA,"215,84",1001,"86,34",5,NULL,NULL,0,19,1,NULL,NULL
1670,Pavillon-Seitenteil Grün-Weiss,GA,"43,39",1001,"17,35",5,NULL,NULL,0,19,1,NULL,NULL
1671,Planschbecken Stahlrohr 320 X 165 X 50 cm,GA,"130,59",1001,"52,24",5,NULL,NULL,0,19,1,NULL,NULL
1672,Puppenwagen Und Puppe,HH,"43,39",1001,"17,35",5,NULL,NULL,0,19,1,NULL,NULL
1673,Pfeffermühle Glas,GE,"24,96",1001,"9,99",3,NULL,NULL,0,19,1,NULL,NULL
1674,"Philips Eismaschine Delizia 1,2 lt",EG,"163,30",1001,"65,32",5,NULL,NULL,0,19,1,NULL,NULL
1675,Passiermaschine Rostfrei 24 cm,KG,"18,42",1001,"7,37",3,NULL,NULL,0,19,1,NULL,NULL
1676,Philips Rasierer Hq 3425,EG,"108,79",1001,"43,52",5,NULL,NULL,0,19,1,NULL,NULL
1677,Pflanzstab 180 cm P25,GA,"2,18",1001,"0,87",2,NULL,NULL,0,19,1,NULL,NULL
1678,Pflanzstab 90 cm P50,GA,"0,87",1001,"0,35",2,NULL,NULL,0,19,1,NULL,NULL
1680,Pflanzstab 150 cm P50,GA,"1,64",1001,"0,65",2,NULL,NULL,0,19,1,NULL,NULL
1681,Pflanzstab 210 cm P25,GA,"2,73",1001,"1,09",2,NULL,NULL,0,19,1,NULL,NULL
1682,Petroleumlampe mit Spiegel,GA,"14,06",1001,"5,62",3,NULL,NULL,0,19,1,NULL,NULL
1683,Partyschirm 3 Me,HH,"65,19",1001,"26,08",5,NULL,NULL,0,19,1,NULL,NULL
1684,Partyschirmständer,HH,"54,29",1001,"21,71",5,NULL,NULL,0,19,1,NULL,NULL
1685,Planschbecken Stahlrohr 165 X 165 X 50 cm,GA,"97,89",1001,"39,16",5,NULL,NULL,0,19,1,NULL,NULL
1686,Poncho Grau S,HH,"10,68",1001,"4,27",2,NULL,NULL,0,19,1,NULL,NULL
1687,Poncho Grau M,HH,"10,68",1001,"4,27",2,NULL,NULL,0,19,1,NULL,NULL
1688,Poncho Grau L,HH,"10,68",1001,"4,27",2,NULL,NULL,0,19,1,NULL,NULL
1689,Poncho Rot S,HH,"10,68",1001,"4,27",2,NULL,NULL,0,19,1,NULL,NULL
1690,Poncho Rot M,HH,"10,68",1001,"4,27",2,NULL,NULL,0,19,1,NULL,NULL
1691,Poncho Rot L,HH,"10,68",1001,"4,27",2,NULL,NULL,0,19,1,NULL,NULL
1692,Planschbecken 100 cm,GA,"8,61",1001,"3,44",2,NULL,NULL,0,19,1,NULL,NULL
1693,Planschbecken 120 cm,GA,"14,06",1001,"5,62",3,NULL,NULL,0,19,1,NULL,NULL
1694,Planschbecken 140 cm,GA,"19,51",1001,"7,81",3,NULL,NULL,0,19,1,NULL,NULL
1696,Pfanne mit Glasdeckel 24 cm,KG,"32,48",1001,"12,99",3,NULL,NULL,0,19,1,NULL,NULL
1697,Pfanne mit Glasdeckel 28 cm,KG,"36,95",1001,"14,78",3,NULL,NULL,0,19,1,NULL,NULL
1698,Pfanne mit Deckel Brillant 24 cm,KG,"47,86",1001,"19,14",5,NULL,NULL,0,19,1,NULL,NULL
1699,Panierset 3 tlg.,KG,"5,45",1001,"2,18",2,NULL,NULL,0,19,1,NULL,NULL
1700,Pullover Trockner,KG,"10,68",1001,"4,27",2,NULL,NULL,0,19,1,NULL,NULL
1701,Pflanzschalen Weiss 40 cm 2 Stk. Packung,GA,"10,90",1001,"4,36",2,NULL,NULL,0,19,1,NULL,NULL
1702,Pflanzschale Weiss 42 cm für Set 489-195,GA,"6,43",1001,"2,57",2,NULL,NULL,0,19,1,NULL,NULL
1703,Quirl Draht 33 cm,GE,"4,25",1001,"1,70",2,NULL,NULL,0,19,1,NULL,NULL
1704,Riess Braun Kasserolle 5 lt,KG,"21,58",1001,"8,63",3,NULL,NULL,0,19,1,NULL,NULL
1705,Rasenkante 15 cm,GA,"10,68",1001,"4,27",2,NULL,NULL,0,19,1,NULL,NULL
1706,Riess Seiherset 2 tlg. Hartkunststoff,KG,"6,43",1001,"2,57",2,NULL,NULL,0,19,1,NULL,NULL
1707,Riess Trichterset 3 tlg.,KG,"3,16",1001,"1,26",2,NULL,NULL,0,19,1,NULL,NULL
1708,Reisschale mit Löffel 6 Stk. Packung,GE,"16,24",1001,"6,50",3,NULL,NULL,0,19,1,NULL,NULL
1709,Rutsche Kunststoff,GA,"108,79",1001,"43,52",5,NULL,NULL,0,19,1,NULL,NULL
1711,Riess Monika Bratpfanne 36 cm,KG,"21,58",1001,"8,63",3,NULL,NULL,0,19,1,NULL,NULL
1712,Riess Monika Weitling 28 cm,KG,"18,42",1001,"7,37",3,NULL,NULL,0,19,1,NULL,NULL
1713,Riess Monika Schnabeltopf 12 cm,KG,"10,68",1001,"4,27",2,NULL,NULL,0,19,1,NULL,NULL
1714,Riess Monika Babystielkasserolle 14 cm,KG,"16,24",1001,"6,50",3,NULL,NULL,0,19,1,NULL,NULL
1715,Riess Monika Milchtopf 14 cm,KG,"16,24",1001,"6,50",3,NULL,NULL,0,19,1,NULL,NULL
1716,Riess Monika Kasserolle 20 cm,KG,"27,14",1001,"10,86",3,NULL,NULL,0,19,1,NULL,NULL
1717,Riess Monika Kasserolle 18 cm,KG,"21,58",1001,"8,63",3,NULL,NULL,0,19,1,NULL,NULL
1718,Riess Monika Kasserolle 14 cm,KG,"19,51",1001,"7,81",3,NULL,NULL,0,19,1,NULL,NULL
1719,Riess Monika Fleischtopf 20 cm,KG,"32,48",1001,"12,99",3,NULL,NULL,0,19,1,NULL,NULL
1720,Riess Monika Fleischtopf 18 cm,KG,"26,05",1001,"10,42",3,NULL,NULL,0,19,1,NULL,NULL
1721,Riess Monika Fleischtopf 16 cm,KG,"21,58",1001,"8,63",3,NULL,NULL,0,19,1,NULL,NULL
1722,Riess Bunt Einsiedekasserolle 30 cm,KG,"32,48",1001,"12,99",3,NULL,NULL,0,19,1,NULL,NULL
1723,Riess Bratpfanne 29 X 18 cm,KG,"10,90",1001,"4,36",2,NULL,NULL,0,19,1,NULL,NULL
1724,Reparaturset für Schwimmbecken,HW,"24,96",1001,"9,99",3,NULL,NULL,0,19,1,NULL,NULL
1726,Riess Wasserkessel 2 lt Edelstahl,KG,"32,48",1001,"12,99",3,NULL,NULL,0,19,1,NULL,NULL
1727,Riess Streublume Babystielkasserolle 14 cm,KG,"27,14",1001,"10,86",3,NULL,NULL,0,19,1,NULL,NULL
1728,Riess Streublume Topf 3/8 Liter,KG,"10,68",1001,"4,27",2,NULL,NULL,0,19,1,NULL,NULL
1729,Riess Streublume Schnabeltopf 10 cm,KG,"18,42",1001,"7,37",3,NULL,NULL,0,19,1,NULL,NULL
1730,Riess Streublume Milchkanne 2 lt,KG,"36,95",1001,"14,78",3,NULL,NULL,0,19,1,NULL,NULL
1731,Regenmesser,GE,"8,61",1001,"3,44",2,NULL,NULL,0,19,1,NULL,NULL
1732,Reisstrohmatten 6 Stück,HH,"10,68",1001,"4,27",2,NULL,NULL,0,19,1,NULL,NULL
1733,Rolliege Helenic Grün,GA,"130,59",1001,"52,24",5,NULL,NULL,0,19,1,NULL,NULL
1734,Reisschale mit Löffel für Set 526388,GE,"2,73",1001,"1,09",2,NULL,NULL,0,19,1,NULL,NULL
1735,Rasenmäher,GA,"10,68",1001,"4,27",2,NULL,NULL,0,19,1,NULL,NULL
1736,Rosen Rot,GA,"2,07",1001,"0,83",2,NULL,NULL,0,19,1,NULL,NULL
1737,Riess Thermoskanne 1 lt Dekor Grün Geflammt,KG,"24,96",1001,"9,99",3,NULL,NULL,0,19,1,NULL,NULL
1739,Riess Springform 26 cm Meisterbäcker,KG,"21,58",1001,"8,63",3,NULL,NULL,0,19,1,NULL,NULL
1740,Riess Königskuchenform Meisterbäcker,KG,"12,97",1001,"5,19",3,NULL,NULL,0,19,1,NULL,NULL
1741,Riess Rehrückenform Meisterbäcker,KG,"10,68",1001,"4,27",2,NULL,NULL,0,19,1,NULL,NULL
1742,Riess Gugelhupfform 23 cm Meisterbäcker,KG,"21,58",1001,"8,63",3,NULL,NULL,0,19,1,NULL,NULL
1743,Remington Hygiene Clipper,EG,"21,69",1001,"8,68",3,NULL,NULL,0,19,1,NULL,NULL
1744,Remington Haarschneide- Maschine Hc 600,EG,"65,19",1001,"26,08",5,NULL,NULL,0,19,1,NULL,NULL
1745,Riess Doppelbratpfanne Pr 32 X 22 cm,KG,"21,58",1001,"8,63",3,NULL,NULL,0,19,1,NULL,NULL
1746,Riess Gemüsetopf 5 lt,KG,"21,58",1001,"8,63",3,NULL,NULL,0,19,1,NULL,NULL
1747,Reibe Pleasure,KG,"7,52",1001,"3,01",2,NULL,NULL,0,19,1,NULL,NULL
1748,"Riess Streublumen Schmalztopf 1,75 lt",KG,"32,48",1001,"12,99",3,NULL,NULL,0,19,1,NULL,NULL
1749,Riess Streublumen Bauernschüssel 24 cm,KG,"15,15",1001,"6,06",3,NULL,NULL,0,19,1,NULL,NULL
1750,Riess Streublumen Bauernschüssel 28 cm,KG,"17,33",1001,"6,93",3,NULL,NULL,0,19,1,NULL,NULL
1751,Reinigungsset 7 tlg.,HH,"21,58",1001,"8,63",3,NULL,NULL,0,19,1,NULL,NULL
1752,Rehrückenform 30 cm Weissblech,KG,"6,43",1001,"2,57",2,NULL,NULL,0,19,1,NULL,NULL
1753,Riess Braun Topf 1 lt,KG,"12,97",1001,"5,19",3,NULL,NULL,0,19,1,NULL,NULL
1754,"Riess Braun Topf 1,5 lt",KG,"13,63",1001,"5,45",3,NULL,NULL,0,19,1,NULL,NULL
1755,Riess Braun Deckel 18 cm,KG,"10,68",1001,"4,27",2,NULL,NULL,0,19,1,NULL,NULL
1756,Riess Braun Deckel 20 cm,KG,"11,45",1001,"4,58",2,NULL,NULL,0,19,1,NULL,NULL
1757,Riess Braun Deckel 22 cm,KG,"11,88",1001,"4,75",2,NULL,NULL,0,19,1,NULL,NULL
1759,Riess Braun Deckel 26 cm,KG,"13,63",1001,"5,45",3,NULL,NULL,0,19,1,NULL,NULL
1760,Riess Bunt Augenpfanne,KG,"19,51",1001,"7,81",3,NULL,NULL,0,19,1,NULL,NULL
1761,Rohrreinigungswelle 3 Me,HH,"10,68",1001,"4,27",2,NULL,NULL,0,19,1,NULL,NULL
1762,Rohrreinigungswelle 5 Me,HH,"21,58",1001,"8,63",3,NULL,NULL,0,19,1,NULL,NULL
1763,Rohrreinigungswelle 7 Me,HH,"24,96",1001,"9,99",3,NULL,NULL,0,19,1,NULL,NULL
1764,Reisstrohmatte für Set 610-810,HH,"2,07",1001,"0,83",2,NULL,NULL,0,19,1,NULL,NULL
1765,Reparaturset für Luftmatratzen,HW,"4,91",1001,"1,96",2,NULL,NULL,0,19,1,NULL,NULL
1766,Roll-Rocket Expert,GA,"43,39",1001,"17,35",5,NULL,NULL,0,19,1,NULL,NULL
1767,Rauchrohrbürstenseil 6 Meter mit Gewinde,HW,"86,99",1001,"34,80",5,NULL,NULL,0,19,1,NULL,NULL
1768,Reibeisen Sechskant,KG,"7,52",1001,"3,01",2,NULL,NULL,0,19,1,NULL,NULL
1769,Rohrschraubstock Gr 2,HH,"32,48",1001,"12,99",3,NULL,NULL,0,19,1,NULL,NULL
1770,Rattenfalle,HH,"2,40",1001,"0,96",2,NULL,NULL,0,19,1,NULL,NULL
1771,Rohrbürste 30 mm,HH,"8,61",1001,"3,44",2,NULL,NULL,0,19,1,NULL,NULL
1772,Rohrbürste 40 mm,HH,"8,61",1001,"3,44",2,NULL,NULL,0,19,1,NULL,NULL
1773,Rohrbürste 50 mm,HH,"8,61",1001,"3,44",2,NULL,NULL,0,19,1,NULL,NULL
1774,Rohrbürste 60 mm,HH,"9,70",1001,"3,88",2,NULL,NULL,0,19,1,NULL,NULL
1775,Rohrbürste 70 mm,HH,"10,68",1001,"4,27",2,NULL,NULL,0,19,1,NULL,NULL
1776,Rohrbürste 80 mm,HH,"10,68",1001,"4,27",2,NULL,NULL,0,19,1,NULL,NULL
1777,Rohrbürste 90 mm,HH,"10,68",1001,"4,27",2,NULL,NULL,0,19,1,NULL,NULL
1778,Rauchrohrbürste 130 mit Stiel,HW,"6,43",1001,"2,57",2,NULL,NULL,0,19,1,NULL,NULL
1779,"Rauchrohrbürste 130 mit 1,5 Me Stiel",HW,"7,52",1001,"3,01",2,NULL,NULL,0,19,1,NULL,NULL
1780,Rauchrohrbürste 130 mit 2 Me Stiel,HW,"9,70",1001,"3,88",2,NULL,NULL,0,19,1,NULL,NULL
1781,Rosenbogen Monarc Weiss,GA,"65,19",1001,"26,08",5,NULL,NULL,0,19,1,NULL,NULL
1782,Riess Rührschüsselset 4 tlg.,KG,"10,90",1001,"4,36",2,NULL,NULL,0,19,1,NULL,NULL
1783,Riess Kuchenset 2 tlg.,KG,"17,33",1001,"6,93",3,NULL,NULL,0,19,1,NULL,NULL
1784,Riess Holzknechtpfanne 20 cm,KG,"17,33",1001,"6,93",3,NULL,NULL,0,19,1,NULL,NULL
1785,Riess Holzknechtpfanne 24 cm,KG,"19,51",1001,"7,81",3,NULL,NULL,0,19,1,NULL,NULL
1786,Riess Holzknechtpfanne 26 cm,KG,"21,58",1001,"8,63",3,NULL,NULL,0,19,1,NULL,NULL
1788,Rückenschwamm Sb,HH,"7,52",1001,"3,01",2,NULL,NULL,0,19,1,NULL,NULL
1789,Roll-Rocket Ersatzwalze,GA,"16,24",1001,"6,50",3,NULL,NULL,0,19,1,NULL,NULL
1790,Reparaturset 80 tlg.,HW,"16,24",1001,"6,50",3,NULL,NULL,0,19,1,NULL,NULL
1791,Soehnle Laufgewichtswaage Kw/1401,HH,"32,48",1001,"12,99",3,NULL,NULL,0,19,1,NULL,NULL
1792,Schutzhülle für für Sitzgruppe 200 cm,GA,"38,04",1001,"15,22",5,NULL,NULL,0,19,1,NULL,NULL
1793,Strandstuhl Zerlegbar,GA,"21,58",1001,"8,63",3,NULL,NULL,0,19,1,NULL,NULL
1794,Spritzschutzdeckel 2 Stk. Packung,HH,"10,68",1001,"4,27",2,NULL,NULL,0,19,1,NULL,NULL
1795,Spitzsieb 14 cm,KG,"16,24",1001,"6,50",3,NULL,NULL,0,19,1,NULL,NULL
1796,Spitzsieb 18 cm,KG,"21,58",1001,"8,63",3,NULL,NULL,0,19,1,NULL,NULL
1797,Schüssel Profi 16 cm,GE,"5,34",1001,"2,14",2,NULL,NULL,0,19,1,NULL,NULL
1798,Schüssel Profi 20 cm,GE,"8,61",1001,"3,44",2,NULL,NULL,0,19,1,NULL,NULL
1799,Schüssel Profi 24 cm,GE,"12,97",1001,"5,19",3,NULL,NULL,0,19,1,NULL,NULL
1800,Schüssel Profi 28 cm,GE,"16,24",1001,"6,50",3,NULL,NULL,0,19,1,NULL,NULL
1801,Schneebesen 20 cm,GE,"8,61",1001,"3,44",2,NULL,NULL,0,19,1,NULL,NULL
1802,Schneebesen 25 cm,GE,"9,70",1001,"3,88",2,NULL,NULL,0,19,1,NULL,NULL
1803,Schneebesen 30 cm,GE,"10,68",1001,"4,27",2,NULL,NULL,0,19,1,NULL,NULL
1804,Schöpfer 6 cm,GE,"6,43",1001,"2,57",2,NULL,NULL,0,19,1,NULL,NULL
1805,Schöpfer 8 cm,GE,"8,61",1001,"3,44",2,NULL,NULL,0,19,1,NULL,NULL
1806,Schöpfer 9 cm,GE,"9,70",1001,"3,88",2,NULL,NULL,0,19,1,NULL,NULL
1807,Schöpfer 10 cm,GE,"10,68",1001,"4,27",2,NULL,NULL,0,19,1,NULL,NULL
1808,"Sauciere 0,15 lt",GE,"9,70",1001,"3,88",2,NULL,NULL,0,19,1,NULL,NULL
1810,Schüssel Profi 32 cm,GE,"21,58",1001,"8,63",3,NULL,NULL,0,19,1,NULL,NULL
1811,Severin Trockenhaube,EG,"108,79",1001,"43,52",5,NULL,NULL,0,19,1,NULL,NULL
1812,Severin Joghurt Fix,EG,"32,48",1001,"12,99",3,NULL,NULL,0,19,1,NULL,NULL
1813,Schaschlikspiesse 200 Stk. Packung,HH,"4,25",1001,"1,70",2,NULL,NULL,0,19,1,NULL,NULL
1814,Stövchen Atelier,GE,"21,58",1001,"8,63",3,NULL,NULL,0,19,1,NULL,NULL
1815,Schüssel 23 cm Atelier,GE,"10,68",1001,"4,27",2,NULL,NULL,0,19,1,NULL,NULL
1816,Schüssel 21 cm Atelier,GE,"9,70",1001,"3,88",2,NULL,NULL,0,19,1,NULL,NULL
1817,Schüssel 16 cm Atelier,GE,"5,34",1001,"2,14",2,NULL,NULL,0,19,1,NULL,NULL
1818,Suppentasse Atelier 3 Stk. Packung,GE,"21,58",1001,"8,63",3,NULL,NULL,0,19,1,NULL,NULL
1819,Suppentasse Atelier für Set 548472,GE,"7,52",1001,"3,01",2,NULL,NULL,0,19,1,NULL,NULL
1820,Serviettenhalter,GE,"4,25",1001,"1,70",2,NULL,NULL,0,19,1,NULL,NULL
1821,Stieleisform 4 Stk. Packung,GE,"3,16",1001,"1,26",2,NULL,NULL,0,19,1,NULL,NULL
1822,"Schüttdose 0,75 lt 6 Stk. Packung",HH,"10,90",1001,"4,36",2,NULL,NULL,0,19,1,NULL,NULL
1824,"Schüttdosen 0,25 lt 6 Stk. Packung",HH,"7,52",1001,"3,01",2,NULL,NULL,0,19,1,NULL,NULL
1825,Staubmagnet Ausziehbar,HH,"10,68",1001,"4,27",2,NULL,NULL,0,19,1,NULL,NULL
1826,Staubsauger-Deo 10 Stk. Packung,HH,"7,52",1001,"3,01",2,NULL,NULL,0,19,1,NULL,NULL
1827,Severin Haarfön Hf/profi,EG,"43,39",1001,"17,35",5,NULL,NULL,0,19,1,NULL,NULL
1828,Swimming Pool 360 cm Komplettset mit,GA,"434,95",1001,"173,98",NULL,NULL,NULL,0,19,1,NULL,NULL
1829,Schuhabtropftassen 4 Stk. Packung,HH,"10,68",1001,"4,27",2,NULL,NULL,0,19,1,NULL,NULL
1830,Suppentasse 6 Stk. Packung,GE,"19,51",1001,"7,81",3,NULL,NULL,0,19,1,NULL,NULL
1831,Speiseschirm,HH,"3,16",1001,"1,26",2,NULL,NULL,0,19,1,NULL,NULL
1832,Schneckenfalle Snail-Trap 2 Stk. Packung,GA,"9,70",1001,"3,88",2,NULL,NULL,0,19,1,NULL,NULL
1833,Schulpinselset 12 tlg.,HH,"8,61",1001,"3,44",2,NULL,NULL,0,19,1,NULL,NULL
1834,Schöpfer 8 cm Brillant Hr,GE,"6,43",1001,"2,57",2,NULL,NULL,0,19,1,NULL,NULL
1835,Springform 26 cm Progriff,KG,"29,32",1001,"11,73",3,NULL,NULL,0,19,1,NULL,NULL
1836,"Schaumrollenformen 12,5 cm X 2,5 cm",KG,"10,90",1001,"4,36",2,NULL,NULL,0,19,1,NULL,NULL
1837,Schuhspanner Herren 2 Stk. Packung,HH,"3,16",1001,"1,26",2,NULL,NULL,0,19,1,NULL,NULL
1838,Schuhspanner Damen 2 Stk. Packung,HH,"3,16",1001,"1,26",2,NULL,NULL,0,19,1,NULL,NULL
1839,Strumpf- Und Sockenhord,HH,"14,06",1001,"5,62",3,NULL,NULL,0,19,1,NULL,NULL
1840,Staubsauger-Deo 20 Stk. Packung,HH,"10,90",1001,"4,36",2,NULL,NULL,0,19,1,NULL,NULL
1842,Sitz-Liege Matratze Nylon,HH,"21,58",1001,"8,63",3,NULL,NULL,0,19,1,NULL,NULL
1843,Staubsack Philips Hr 6182 10 Stk. Packung,HH,"9,70",1001,"3,88",2,NULL,NULL,0,19,1,NULL,NULL
1844,Schuhständer,HH,"18,42",1001,"7,37",3,NULL,NULL,0,19,1,NULL,NULL
1845,Scherenset 4 tlg.,GE,"10,90",1001,"4,36",2,NULL,NULL,0,19,1,NULL,NULL
1846,Schirmhülle für Party- Und Marktschirm,GA,"9,70",1001,"3,88",2,NULL,NULL,0,19,1,NULL,NULL
1847,Sparschäler Brillant Hr,BE,"4,25",1001,"1,70",2,NULL,NULL,0,19,1,NULL,NULL
1848,Söhnle Diätwaage Dw/8622,HH,"10,68",1001,"4,27",2,NULL,NULL,0,19,1,NULL,NULL
1849,Suppentopf Rapsodie,GE,"17,33",1001,"6,93",3,NULL,NULL,0,19,1,NULL,NULL
1850,Sauciere Rapsodie,GE,"6,43",1001,"2,57",2,NULL,NULL,0,19,1,NULL,NULL
1851,Schüssel Rapsodie 3 Stk. Packung,GE,"8,61",1001,"3,44",2,NULL,NULL,0,19,1,NULL,NULL
1852,Schüssel Rapsodie 13 cm für Set 623247,GE,"3,16",1001,"1,26",2,NULL,NULL,0,19,1,NULL,NULL
1853,Schüssel Rapsodie 23 cm,GE,"7,52",1001,"3,01",2,NULL,NULL,0,19,1,NULL,NULL
1854,Severin Warmluft Lockenstab,EG,"18,42",1001,"7,37",3,NULL,NULL,0,19,1,NULL,NULL
1855,Schuhständer,HH,"43,39",1001,"17,35",5,NULL,NULL,0,19,1,NULL,NULL
1856,Sitz-Liege Matratze Gewebe,HH,"21,58",1001,"8,63",3,NULL,NULL,0,19,1,NULL,NULL
1857,Suppentasse mit Untertasse Barkerole,GE,"10,68",1001,"4,27",2,NULL,NULL,0,19,1,NULL,NULL
1858,Schüssel 21 cm Barkerole,GE,"12,97",1001,"5,19",3,NULL,NULL,0,19,1,NULL,NULL
1859,Schüssel 13 cm Barkerole,GE,"3,16",1001,"1,26",2,NULL,NULL,0,19,1,NULL,NULL
1860,Suppentassen mit Untertassen,GE,"21,58",1001,"8,63",3,NULL,NULL,0,19,1,NULL,NULL
1862,Speiseservice Hallein 15 tlg.,GE,"59,85",1001,"23,94",5,NULL,NULL,0,19,1,NULL,NULL
1863,Stamperl Dublino 6 Stk. Packung,GE,"5,34",1001,"2,14",2,NULL,NULL,0,19,1,NULL,NULL
1864,Schneidbrett 35 X 25 cm,KG,"8,61",1001,"3,44",2,NULL,NULL,0,19,1,NULL,NULL
1865,"Schneidbrett 45,5x29 cm",KG,"10,68",1001,"4,27",2,NULL,NULL,0,19,1,NULL,NULL
1866,Stielkasserolle Aktion 14 cm,GE,"5,45",1001,"2,18",2,NULL,NULL,0,19,1,NULL,NULL
1867,Sessel Marina Grün,HH,"43,39",1001,"17,35",5,NULL,NULL,0,19,1,NULL,NULL
1868,Stapelstuhl Vienna Weiss,HH,"18,42",1001,"7,37",3,NULL,NULL,0,19,1,NULL,NULL
1869,Super Jumbo Pool 330 X 170 X 51 cm,GA,"152,39",1001,"60,96",5,NULL,NULL,0,19,1,NULL,NULL
1870,Sandkasten Holz 120x120,GA,"32,48",1001,"12,99",3,NULL,NULL,0,19,1,NULL,NULL
1871,Sitzgarnitur,HH,"54,29",1001,"21,71",5,NULL,NULL,0,19,1,NULL,NULL
1872,Schöberform 6 Stk. Packung,KG,"5,34",1001,"2,14",2,NULL,NULL,0,19,1,NULL,NULL
1873,Schuhlöffel 58 cm,HH,"7,52",1001,"3,01",2,NULL,NULL,0,19,1,NULL,NULL
1874,Salzmühle Glas,GE,"24,96",1001,"9,99",3,NULL,NULL,0,19,1,NULL,NULL
1875,Speiseservice 15 tlg. Zwiebelmuster,GE,"108,79",1001,"43,52",5,NULL,NULL,0,19,1,NULL,NULL
1876,Suppenterrine Zwiebelmuster,GE,"39,13",1001,"15,65",5,NULL,NULL,0,19,1,NULL,NULL
1878,Streudose 2 lt,GE,"5,34",1001,"2,14",2,NULL,NULL,0,19,1,NULL,NULL
1879,Streudose 1 lt,GE,"4,25",1001,"1,70",2,NULL,NULL,0,19,1,NULL,NULL
1880,"Streudose 0,5 lt",GE,"3,16",1001,"1,26",2,NULL,NULL,0,19,1,NULL,NULL
1881,Sitz- Und Rückenkissen für Bank Floris Des 549,HH,"32,48",1001,"12,99",3,NULL,NULL,0,19,1,NULL,NULL
1882,Schüssel Rondo 14 cm,GE,"2,07",1001,"0,83",2,NULL,NULL,0,19,1,NULL,NULL
1883,Schaukelrutscher Dalmatiner,GA,"54,29",1001,"21,71",5,NULL,NULL,0,19,1,NULL,NULL
1018,ABC Dörrautomat,KG,"130,59",1001,"52,24",5,NULL,NULL,0,19,1,NULL,NULL
1032,Adlus Stiel 180 cm,GA,"8,61",1002,"3,44",2,NULL,NULL,0,19,1,NULL,NULL
1047,Aschensauger Ash-Clean Staubsaugerzusatzgerät,GE,"86,99",1001,"34,80",5,NULL,NULL,0,19,1,NULL,NULL
1069,Biertulpe Taverne 3 Stk. Packung,GE,"5,34",1001,"2,14",2,NULL,NULL,0,19,1,NULL,NULL
1087,"Backform 33,5 X 24 cm Progriff",KG,"28,23",1001,"11,29",3,NULL,NULL,0,19,1,NULL,NULL
1105,Braun Zahnbürste Plak Control Timer,HH,"141,49",1001,"56,60",5,NULL,NULL,0,19,1,NULL,NULL
1122,Bärchenbackform,KG,"21,58",1001,"8,63",3,NULL,NULL,0,19,1,NULL,NULL
1136,Bräunungsboxmatratze Solar-Box Matratze,HH,"16,24",1001,"6,50",3,NULL,NULL,0,19,1,NULL,NULL
1156,Crepes Pfannenset 3 tlg.,GE,"21,58",1003,"8,63",3,NULL,NULL,0,19,1,NULL,NULL
1172,Dressiergarnitur,GA,"4,25",1001,"1,70",2,NULL,NULL,0,19,1,NULL,NULL
1190,Ersatzkissen für Pinty Deckenbürste,HH,"15,15",1001,"6,06",3,NULL,NULL,0,19,1,NULL,NULL
1209,Einlegerost,HH,"10,68",1001,"4,27",2,NULL,NULL,0,19,1,NULL,NULL
1222,Freizeitjacke M Olivgrün,GA,"54,29",1130,"21,71",5,NULL,NULL,0,19,1,NULL,NULL
1240,"Frischhaltedose 2,45 lt Eckig",KG,"5,34",1001,"2,14",2,NULL,NULL,0,19,1,NULL,NULL
1258,Feldhemd 36,HW,"60,94",1130,"24,37",5,NULL,NULL,0,19,1,NULL,NULL
1271,Feldhose 58,HW,"76,09",1130,"30,44",5,NULL,NULL,0,19,1,NULL,NULL
1284,Gurkenhobel Rostfrei,KG,"4,25",1001,"1,70",2,NULL,NULL,0,19,1,NULL,NULL
1300,Gardena 2-Wege-Verteiler,GA,"20,60",1008,"8,24",3,NULL,NULL,201,19,1,NULL,NULL
1313,Gläserset Bali 18 Stk. Packung,GE,"21,58",1001,"8,63",3,NULL,NULL,0,19,0,2009-03-24 19:01:00,dbo
1316,Gardena Stubenbesen Mischung 3631,GA,"14,72",1008,"5,89",3,NULL,NULL,0,19,1,NULL,NULL
1342,Gardena Dachrinnen- Reiniger 3650,GA,"20,60",1008,"8,24",3,NULL,NULL,41,19,1,NULL,NULL
1360,Herdabdeckplatte Dekor Vögel,HH,"10,68",1020,"4,27",2,NULL,NULL,0,19,1,NULL,NULL
1377,Handschleiferset mit Schleifpapier,GE,"21,58",1001,"8,63",3,NULL,NULL,0,19,1,NULL,NULL
1397,Jausenset Bestehend Aus 6 Messer Und 6 Bretter,GE,"10,90",1001,"4,36",2,NULL,NULL,0,19,1,NULL,NULL
1420,Kniekissen 2 Stk. Packung,HH,"14,06",1001,"5,62",3,NULL,NULL,0,19,1,NULL,NULL
1437,Kelomat Murano Milchtopf 16 cm,KG,"76,09",1001,"30,44",5,NULL,NULL,0,19,1,NULL,NULL
1471,"Käsebrett 34,5 X 19 cm",GE,"6,43",1001,"2,57",2,NULL,NULL,0,19,1,NULL,NULL
1486,Kaffeekanne Rio,GE,"21,58",1001,"8,63",3,NULL,NULL,0,19,1,NULL,NULL
1501,Kochstar Pfanne Primus 28 cm,KG,"32,48",1001,"12,99",3,NULL,NULL,0,19,1,NULL,NULL
1520,Kaminbürste Rund 180 Mm,HW,"27,14",1001,"10,86",3,NULL,NULL,0,19,1,NULL,NULL
1536,Krapfenausstecher 7 cm für Set 475396,KG,"1,74",1001,"0,70",2,NULL,NULL,0,19,1,NULL,NULL
1556,Leifheit Bodenwischer Hausrein,HH,"65,19",1001,"26,08",5,NULL,NULL,0,19,1,NULL,NULL
1574,Latzhose Blau 54,HW,"32,48",1001,"12,99",3,NULL,NULL,0,19,1,NULL,NULL
1589,Menage 3 tlg. Metall,GE,"15,15",1001,"6,06",3,NULL,NULL,0,19,1,NULL,NULL
1604,Moulinex Handmixer Hm/trio 160 Watt,EG,"59,85",1001,"23,94",5,NULL,NULL,0,19,1,NULL,NULL
1623,Melitta Müllbeutel Bis 35 lt,HH,"2,73",1001,"1,09",2,NULL,NULL,0,19,1,NULL,NULL
1641,Pfannenwender Flonal,KG,"6,43",1001,"2,57",2,NULL,NULL,0,19,1,NULL,NULL
1656,Pfanne 28 cm,KG,"10,68",1001,"4,27",2,NULL,NULL,0,19,1,NULL,NULL
1665,Pavillon 3 X 3 Me,GA,"76,09",1001,"30,44",5,NULL,NULL,0,19,1,NULL,NULL
1679,Pflanzstab 120 cm P50,GA,"1,09",1001,"0,44",2,NULL,NULL,0,19,1,NULL,NULL
1695,Planschbecken 170 cm,GA,"21,58",1001,"8,63",3,NULL,NULL,0,19,1,NULL,NULL
1710,Rank Netz 10 X 2 Me,GE,"10,36",1001,"4,14",2,NULL,NULL,0,19,1,NULL,NULL
1725,Reibmühle,GE,"14,06",1001,"5,62",3,NULL,NULL,0,19,1,NULL,NULL
1738,Riess Thermoskanne 1 lt Dekor Streublumen,KG,"26,05",1001,"10,42",3,NULL,NULL,0,19,1,NULL,NULL
1758,Riess Braun Deckel 24 cm,KG,"12,97",1001,"5,19",3,NULL,NULL,0,19,1,NULL,NULL
1787,Rauchrohrbürstenseil 8 Meter mit Gewinde,HW,"94,73",1001,"37,89",5,NULL,NULL,0,19,1,NULL,NULL
1809,"Sauciere 0,30 lt",GE,"10,68",1001,"4,27",2,NULL,NULL,0,19,1,NULL,NULL
1823,Söhnle Küchenwaage Kw/1180 Wand,KG,"27,14",1001,"10,86",3,NULL,NULL,0,19,1,NULL,NULL
1841,Super Jumbo Pool 270 X 165 X 51 cm,GA,"108,79",1001,"43,52",5,NULL,NULL,0,19,1,NULL,NULL
1861,Schüssel Rapsodie 26 cm,GE,"8,61",1001,"3,44",2,NULL,NULL,0,19,1,NULL,NULL
1877,Suppentopf Rio,GE,"40,22",1001,"16,09",5,NULL,NULL,0,19,1,NULL,NULL
1961,Teller Flach Rapsodie für Set 623377,GE,"2,73",1001,"1,09",2,NULL,NULL,0,19,1,NULL,NULL
1985,Teko Flaschenregal Beige für Set 552578,HH,"6,43",1001,"2,57",2,NULL,NULL,0,19,1,NULL,NULL
1986,Teleskopverlängerung Zu Roll-Rocket Expert,HH,"27,14",1001,"10,86",3,NULL,NULL,0,19,1,NULL,NULL
1987,Untersetzer Rund für Set 506786,HH,"1,31",1001,"0,52",2,NULL,NULL,0,19,1,NULL,NULL
1988,Untersetzer Rund 5 Stk. Packung,HH,"5,34",1001,"2,14",2,NULL,NULL,0,19,1,NULL,NULL
1989,Untersetzer Eckig für Set 506809,HH,"1,31",1001,"0,52",2,NULL,NULL,0,19,1,NULL,NULL
1990,Untersetzer Eckig 5 Stk. Packung,HH,"5,34",1001,"2,14",2,NULL,NULL,0,19,1,NULL,NULL
1991,Universalreibe Rostfrei,KG,"4,25",1001,"1,70",2,NULL,NULL,0,19,1,NULL,NULL
1992,Universalbräter Edelstahl,KG,"65,19",1001,"26,08",5,NULL,NULL,0,19,1,NULL,NULL
1993,Untertassen Wien 3 Stk. Packung,GE,"5,34",1001,"2,14",2,NULL,NULL,0,19,1,NULL,NULL
1994,Universalzange Pleasure,KG,"4,25",1001,"1,70",2,NULL,NULL,0,19,1,NULL,NULL
1995,Verschluss Propper 2 Stk. Packung,HH,"2,07",1001,"0,83",2,NULL,NULL,0,19,1,NULL,NULL
1996,Verschluss Propper 2 lt,HH,"2,07",1001,"0,83",2,NULL,NULL,0,19,1,NULL,NULL
1997,Vielzweckstäbe,HH,"7,52",1001,"3,01",2,NULL,NULL,0,19,1,NULL,NULL
1998,Vitroflam Backform Eckig 35 X 22 cm,GE,"26,05",1001,"10,42",3,NULL,NULL,0,19,1,NULL,NULL
1999,Vitroflam Backform Oval Ersatz: 625-678 Eckig,HH,"21,58",1001,"8,63",3,NULL,NULL,0,19,1,NULL,NULL
2000,"Vorratsdose 0,25 lt Rund",HH,"2,07",1001,"0,83",2,NULL,NULL,0,19,1,NULL,NULL
2001,"Vorratsdose 0,50 lt Rund",HH,"3,16",1001,"1,26",2,NULL,NULL,0,19,1,NULL,NULL
2062,Werit Untersetzer PVC 80 cm Quarz,GA,"3,60",1001,"1,44",2,NULL,NULL,0,19,1,NULL,NULL
2063,Werit Untersetzer PVC 100 cm Quarz,GA,"4,25",1001,"1,70",2,NULL,NULL,0,19,1,NULL,NULL
2064,Wolf Ri-T Handgrasschere mit Antihaftbeschichtung,GA,"17,33",1001,"6,93",3,NULL,NULL,0,19,1,NULL,NULL
2065,Wagner Spritzpistole W 200,EG,"184,23",1001,"73,69",5,NULL,NULL,0,19,1,NULL,NULL
2066,Windschutz 400 X 140 cm,GA,"21,58",1001,"8,63",3,NULL,NULL,0,19,1,NULL,NULL
2067,Wäscheleine PVC 60 Me für Wäschespinne,HH,"10,68",1001,"4,27",2,NULL,NULL,0,19,1,NULL,NULL
2068,Werit Blumenkasten Jumbo 80 cm Braun,GA,"3,60",1001,"1,44",2,NULL,NULL,0,19,1,NULL,NULL
2069,Werit Blumenkasten Jumbo 80 cm Grün,GA,"3,60",1001,"1,44",2,NULL,NULL,0,19,1,NULL,NULL
2070,Werit Blumenkasten Jumbo 100 cm Braun,GA,"4,25",1001,"1,70",2,NULL,NULL,0,19,1,NULL,NULL
2071,Werit Blumenkasten Jumbo 100 cm Grün,GA,"4,25",1001,"1,70",2,NULL,NULL,0,19,1,NULL,NULL
2072,Werit Untersatz Jumbo 80 cm Braun,GA,"3,60",1001,"1,44",2,NULL,NULL,0,19,1,NULL,NULL
2073,Werit Untersatz Jumbo 80 cm Grün,GA,"3,60",1001,"1,44",2,NULL,NULL,0,19,1,NULL,NULL
2074,Werit Untersatz Jumbo 100 cm Braun,GA,"4,25",1001,"1,70",2,NULL,NULL,0,19,1,NULL,NULL
2075,Werit Untersatz Jumbo 100 cm Grün,GA,"4,25",1001,"1,70",2,NULL,NULL,0,19,1,NULL,NULL
2076,Werit Blumenkasten Jumbo 40 cm Braun,GA,"1,64",1001,"0,65",2,NULL,NULL,0,19,1,NULL,NULL
2077,Werit Blumenkasten Jumbo 40 cm Grün,GA,"1,64",1001,"0,65",2,NULL,NULL,0,19,1,NULL,NULL
2078,Werit Untersatz Jumbo 40 cm Braun,GA,"1,64",1001,"0,65",2,NULL,NULL,0,19,1,NULL,NULL
2101,Zaunblende 150 cm X 10 Meter,GA,"97,89",1001,"39,16",5,NULL,NULL,0,19,1,NULL,NULL
2102,Zuckerdose Rapsodie für Set 623292,GE,"4,25",1001,"1,70",2,NULL,NULL,0,19,1,NULL,NULL
2103,Zuckerdose Barkerole,GE,"10,68",1001,"4,27",2,NULL,NULL,0,19,1,NULL,NULL
2104,Zelt Bornholm 3,GA,"173,32",1001,"69,33",5,NULL,NULL,0,19,1,NULL,NULL
2105,Zyliss Zwiebelhacker,KG,"21,58",1001,"8,63",3,NULL,NULL,0,19,1,NULL,NULL
2106,Zwiebeltopf,GE,"6,43",1001,"2,57",2,NULL,NULL,0,19,1,NULL,NULL
2107,Zackenschere Mundial,HH,"21,58",1001,"8,63",3,NULL,NULL,0,19,1,NULL,NULL
2108,Zelt Mini Pack,GA,"54,29",1001,"21,71",5,NULL,NULL,0,19,1,NULL,NULL
2109,Zyliss Pommes-Schneider,KG,"32,48",1001,"12,99",3,NULL,NULL,0,19,1,NULL,NULL
2110,Zyliss Fleischwolf,KG,"54,29",1001,"21,71",5,NULL,NULL,0,19,1,NULL,NULL
2111,Ziergitter mit Blumentopf,GA,"26,05",1001,"10,42",2,NULL,NULL,0,19,1,NULL,NULL
2112,Kochstar Juwel Pfannenset,KG,"64,99",1001,NULL,NULL,NULL,NULL,0,19,1,NULL,NULL
2113,"Kochbuch ""Einfach Wild""",BU,"28,90",1240,"23,30",3,10,"Im ANBLICK-Wildbretkochbuch ""Einfach Wild"" finden sich 151 klassische wie moderne Wildrezepte. Auch die passenden Beilagen zu den Gerichten sind rezeptiert. Von den Terrinen, Pasteten, Wildsalaten, Suppen, klassischen Braten, Ragouts bis hin zu Rehburgern finden Sie in diesem Kochbuch einfach nach zu kochende Rezepte und viele interessante Beiträge zum Thema Wildbret.",5,7,1,NULL,NULL
2116,Test für Protokoll,BE,"20,00",1001,NULL,NULL,NULL,NULL,0,14,1,NULL,NULL
1884,Söhnle Küchenwaage Kw/1203 Ideal,KG,"27,14",1001,"10,86",3,NULL,NULL,0,19,1,NULL,NULL
1885,Söhnle Küchenwaage Kw/131605 Fresh,KG,"21,58",1001,"8,63",3,NULL,NULL,0,19,1,NULL,NULL
1886,Söhnle Küchenwaage Kw/1317 Extra,KG,"23,87",1001,"9,55",3,NULL,NULL,0,19,1,NULL,NULL
1887,Söhnle Küchenwaage Kw/1208 Rot,KG,"18,42",1001,"7,37",3,NULL,NULL,0,19,1,NULL,NULL
1888,Spagatkrapfenzange Doppelt,KG,"28,23",1001,"11,29",3,NULL,NULL,0,19,1,NULL,NULL
1889,Spagatkrapfenzange Einfach,KG,"18,42",1001,"7,37",3,NULL,NULL,0,19,1,NULL,NULL
1890,Sprungball,GA,"10,68",1001,"4,27",2,NULL,NULL,0,19,1,NULL,NULL
1891,Sitzkissen,HH,"5,34",1001,"2,14",2,NULL,NULL,0,19,1,NULL,NULL
1892,Schaukelbrett,GA,"10,68",1001,"4,27",2,NULL,NULL,0,19,1,NULL,NULL
1893,Schirmständer Weiss PVC,GA,"8,61",1001,"3,44",2,NULL,NULL,0,19,1,NULL,NULL
1894,Schutzhülle Dekor für Gartenschaukel,GA,"59,85",1001,"23,94",5,NULL,NULL,0,19,1,NULL,NULL
1895,Schüssel Stapelbar 17 cm,GE,"2,73",1001,"1,09",2,NULL,NULL,0,19,1,NULL,NULL
1896,Springform 18 cm Weissblech,KG,"4,91",1001,"1,96",2,NULL,NULL,0,19,1,NULL,NULL
1897,Springform 20 cm Weissblech,KG,"5,34",1001,"2,14",2,NULL,NULL,0,19,1,NULL,NULL
1898,Springform 22 cm Weissblech,KG,"6,00",1001,"2,40",2,NULL,NULL,0,19,1,NULL,NULL
1899,Springform 24 cm Weissblech,KG,"6,43",1001,"2,57",2,NULL,NULL,0,19,1,NULL,NULL
1900,Springform 26 cm Weissblech,KG,"7,09",1001,"2,83",2,NULL,NULL,0,19,1,NULL,NULL
1901,Springform 28 cm Weissblech,KG,"7,52",1001,"3,01",2,NULL,NULL,0,19,1,NULL,NULL
2002,Vorratsdose 1 lt Rund,HH,"8,61",1001,"3,44",2,NULL,NULL,0,19,1,NULL,NULL
2003,"Vorratsdose 1,10 lt Eckig",HH,"4,91",1001,"1,96",2,NULL,NULL,0,19,1,NULL,NULL
2004,"Vorratsdose 1,60 lt Eckig",HH,"6,00",1001,"2,40",2,NULL,NULL,0,19,1,NULL,NULL
2005,Vase Blau,HH,"10,68",1001,"4,27",2,NULL,NULL,0,19,1,NULL,NULL
2006,Vertikutierzusatz für Rasenmäher,GA,"27,14",1001,"10,86",3,NULL,NULL,0,19,1,NULL,NULL
2007,Wolf Rasenmäher mit Korb 2.42 TA,GA,"761,97",1001,"304,79",2,NULL,NULL,0,19,1,NULL,NULL
2008,Wäscheleine Drahtseil 30 Me,HH,"8,61",1001,"3,44",2,NULL,NULL,0,19,1,NULL,NULL
2009,Wäscheklammer Holz 50 Stk. Packung,HH,"3,16",1001,"1,26",2,NULL,NULL,0,19,1,NULL,NULL
2010,Wäschetrockner Ready 60 cm,HH,"38,04",1001,"15,22",5,NULL,NULL,0,19,1,NULL,NULL
2011,Wäschetrockner Ready 80 cm,HH,"40,22",1001,"16,09",5,NULL,NULL,0,19,1,NULL,NULL
2012,Wäschetrockner Ready 100 cm,HH,"47,86",1001,"19,14",5,NULL,NULL,0,19,1,NULL,NULL
2013,Werit Blumenschale Kreta Steingrau,GA,"38,04",1001,"15,22",5,NULL,NULL,0,19,1,NULL,NULL
2014,Werit Blumenschale Samos Steingrau,GA,"46,76",1001,"18,71",5,NULL,NULL,0,19,1,NULL,NULL
2015,Werit Blumentrog Milos Steingrau,GA,"50,04",1001,"20,01",5,NULL,NULL,0,19,1,NULL,NULL
2016,Wespenfalle,GA,"7,52",1001,"3,01",2,NULL,NULL,0,19,1,NULL,NULL
2017,"Wespen-Lockstoff 0,5 lt",HH,"5,34",1001,"2,14",2,NULL,NULL,0,19,1,NULL,NULL
2018,Wühlmausfalle 2 Stk. Packung,GA,"4,25",1001,"1,70",2,NULL,NULL,0,19,1,NULL,NULL
2019,Wiegemesser 26 cm,GE,"8,61",1001,"3,44",2,NULL,NULL,0,19,1,NULL,NULL
2020,Wolf Rasenmäher mit Box 2.42 TL,GA,"511,25",1001,"204,50",NULL,NULL,NULL,0,19,1,NULL,NULL
2021,"Wasserschlauch Tristar 25 Me 1/2""",GA,"32,48",1001,"12,99",3,NULL,NULL,0,19,1,NULL,NULL
2022,"Wasserschlauch Tristar 50 Me 1/2""",GA,"64,21",1001,"25,68",5,NULL,NULL,0,19,1,NULL,NULL
2023,"Wasserschlauch Tristar 25 Me 3/4""",GA,"54,29",1001,"21,71",5,NULL,NULL,0,19,1,NULL,NULL
2024,"Wasserschlauch Tristar 50 Me 3/4""",GA,"107,81",1001,"43,12",5,NULL,NULL,0,19,1,NULL,NULL
2025,Wäschenetz 5 Kg,HH,"14,06",1001,"5,62",3,NULL,NULL,0,19,1,NULL,NULL
2026,Wäschenetz 3 Kg,HH,"9,70",1001,"3,88",2,NULL,NULL,0,19,1,NULL,NULL
2027,Wc-Kombihalter,HH,"29,32",1001,"11,73",3,NULL,NULL,0,19,1,NULL,NULL
2028,Wagner Spritzpistole W 60,EG,"80,56",1001,"32,22",5,NULL,NULL,0,19,1,NULL,NULL
2029,Wecker Uhr Quarz,HH,"10,68",1001,"4,27",2,NULL,NULL,0,19,1,NULL,NULL
2030,Wäscheleine Ausziehbar,HH,"21,58",1001,"8,63",3,NULL,NULL,0,19,1,NULL,NULL
2031,Werit Blumenschale Samos Weiss,GA,"46,76",1001,"18,71",5,NULL,NULL,0,19,1,NULL,NULL
2032,Werit Blumenschale Kreta Weiss,GA,"38,04",1001,"15,22",5,NULL,NULL,0,19,1,NULL,NULL
2033,Werit Blumentrog Milos Weiss,GA,"50,04",1001,"20,01",5,NULL,NULL,0,19,1,NULL,NULL
2034,Wetterhahn Schwarz,GA,"21,58",1001,"8,63",3,NULL,NULL,0,19,1,NULL,NULL
2035,Windschutz 600 X 140 cm,GA,"32,48",1001,"12,99",3,NULL,NULL,0,19,1,NULL,NULL
2036,Wurst Und Brot Box,HH,"15,15",1001,"6,06",3,NULL,NULL,0,19,1,NULL,NULL
2037,Wecker Uhr Mechanisch Weiss,HH,"15,15",1001,"6,06",3,NULL,NULL,0,19,1,NULL,NULL
2038,Wecker Uhr Mechanisch Rot,HH,"15,15",1001,"6,06",3,NULL,NULL,0,19,1,NULL,NULL
2039,Weissbierglas,GE,"6,43",1001,"2,57",2,NULL,NULL,0,19,1,NULL,NULL
2040,Wagner Rollgerät W 1800,EG,"80,67",1001,"32,27",5,NULL,NULL,0,19,1,NULL,NULL
2041,Wagner Rollgerät W 2200e,EG,"118,82",1001,"47,53",5,NULL,NULL,0,19,1,NULL,NULL
2042,Wasserkanister 10 lt,HH,"9,70",1001,"3,88",2,NULL,NULL,0,19,1,NULL,NULL
2043,Wasserkanister 20 lt,HH,"11,99",1001,"4,80",2,NULL,NULL,0,19,1,NULL,NULL
2044,Wagner Netzgerätstecker,EG,"32,48",1001,"12,99",3,NULL,NULL,0,19,1,NULL,NULL
2045,Wasserkessel Email Zwiebelmuster,HH,"21,58",1001,"8,63",3,NULL,NULL,0,19,1,NULL,NULL
2046,Wanduhr Schwarz,HH,"10,90",1001,"4,36",2,NULL,NULL,0,19,1,NULL,NULL
2047,Wanduhr Weiss,HH,"10,90",1001,"4,36",2,NULL,NULL,0,19,1,NULL,NULL
2048,Weinkühler,GE,"6,43",1001,"2,57",2,NULL,NULL,0,19,1,NULL,NULL
2049,Wetterstation,GA,"43,39",1001,"17,35",5,NULL,NULL,0,19,1,NULL,NULL
2050,Weihnachtsbaum Backform 25 cm,GE,"10,68",1001,"4,27",2,NULL,NULL,0,19,1,NULL,NULL
2051,Weihnachtsbackset 6 tlg.,GE,"21,58",1001,"8,63",3,NULL,NULL,0,19,1,NULL,NULL
2052,Wenko Tischdecke Rot,HH,"15,15",1001,"6,06",3,NULL,NULL,0,19,1,NULL,NULL
2053,Wenko Tischdecke Blau,HH,"15,15",1001,"6,06",3,NULL,NULL,0,19,1,NULL,NULL
2054,Wenko Tischdecke Blumen,HH,"15,15",1001,"6,06",3,NULL,NULL,0,19,1,NULL,NULL
2055,Wäscheklammer 100 Stk. Packung,HH,"6,43",1001,"2,57",2,NULL,NULL,0,19,1,NULL,NULL
2056,Wäschebox Weiss,HH,"15,15",1001,"6,06",3,NULL,NULL,0,19,1,NULL,NULL
2057,Wäschebox Blau,HH,"15,15",1001,"6,06",3,NULL,NULL,0,19,1,NULL,NULL
2058,Wäscheleine PVC 20 Me,HH,"3,16",1001,"1,26",2,NULL,NULL,0,19,1,NULL,NULL
2059,Wäscheleine PVC 30 Me,HH,"4,25",1001,"1,70",2,NULL,NULL,0,19,1,NULL,NULL
2060,Werit Blumenzwiebelkorb 30 cm 3 Stk. Packung,GA,"4,91",1001,"1,96",2,NULL,NULL,0,19,1,NULL,NULL
2061,Werit Untersetzer PVC 60 cm Quarz,GA,"2,73",1001,"1,09",2,NULL,NULL,0,19,1,NULL,NULL
2079,Werit Untersatz Jumbo 40 cm Grün,GA,"1,64",1001,"0,65",2,NULL,NULL,0,19,1,NULL,NULL
2080,Werit Blumenkasten Jumbo 60 cm Braun,GA,"2,73",1001,"1,09",2,NULL,NULL,0,19,1,NULL,NULL
2081,Werit Blumenkasten Jumbo 60 cm Grün,GA,"2,73",1001,"1,09",2,NULL,NULL,0,19,1,NULL,NULL
2082,Werit  Untersatz Jumbo 60 cm Braun,GE,"2,73",1001,"1,09",2,NULL,NULL,0,19,1,NULL,NULL
2083,Werit Untersatz Jumbo 60 cm Grün,GA,"2,73",1001,"1,09",2,NULL,NULL,0,19,1,NULL,NULL
2084,Wandregal Weiss Sb,HH,"32,48",1001,"12,99",3,NULL,NULL,0,19,1,NULL,NULL
2085,Waschbeckendusche,HH,"14,06",1001,"5,62",3,NULL,NULL,0,19,1,NULL,NULL
2086,Wollflusenkiller,HH,"4,25",1001,"1,70",2,NULL,NULL,0,19,1,NULL,NULL
2087,Wolf Gartenschere Rs 19,GA,"21,58",1001,"8,63",3,NULL,NULL,0,19,1,NULL,NULL
2088,Wolf Gartenschere Rs 22,GA,"29,32",1001,"11,73",3,NULL,NULL,0,19,1,NULL,NULL
2089,Wäschetrockner für Heizkörper 2 Stk.,HH,"12,97",1001,"5,19",3,NULL,NULL,0,19,1,NULL,NULL
2090,Wühlmauskegel Bromet 4 Stk. Packung,GA,"20,60",1001,"8,24",3,NULL,NULL,0,19,1,NULL,NULL
2091,Wühlmauskegel Bromet 2 Stk. Packung,GA,"10,36",1001,"4,14",2,NULL,NULL,0,19,1,NULL,NULL
2092,"Weinkanne 0,25 lt für Set 737104",GE,"1,85",1001,"0,74",2,NULL,NULL,0,19,1,NULL,NULL
2093,Zyliss Knoblauchpresse Antihaft Super,KG,"15,15",1001,"6,06",3,NULL,NULL,0,19,1,NULL,NULL
2094,Zyliss Dosenöffner,KG,"16,24",1001,"6,50",3,NULL,NULL,0,19,1,NULL,NULL
2095,Zuckerdose Atelier,GE,"8,61",1001,"3,44",2,NULL,NULL,0,19,1,NULL,NULL
2096,Zubehör Set 60 Mm für Plus 1000,HH,"63,12",1001,"25,25",5,NULL,NULL,0,19,1,NULL,NULL
2097,Zyliss Gemüsereibe,KG,"32,48",1001,"12,99",3,NULL,NULL,0,19,1,NULL,NULL
2098,Zyliss Clip-Timer,KG,"16,24",1001,"6,50",3,NULL,NULL,0,19,1,NULL,NULL
2099,Zaunblende 100 cm X 10 Meter,GA,"65,19",1001,"26,08",5,NULL,NULL,0,19,1,NULL,NULL
2100,Zaunblende 120 cm X 10 Meter,GA,"76,20",1001,"30,48",5,NULL,NULL,0,19,1,NULL,NULL
1902,Springform 30 cm Weissblech,KG,"8,61",1001,"3,44",2,NULL,NULL,0,19,1,NULL,NULL
1903,Spätzlehobel Rostfrei,KG,"8,61",1001,"3,44",2,NULL,NULL,0,19,1,NULL,NULL
1904,Spick- Und Rouladennadel 11 Stk. Packung,HH,"4,25",1001,"1,70",2,NULL,NULL,0,19,1,NULL,NULL
1905,Schüssel Stapelbar 12 cm,GE,"1,64",1001,"0,65",2,NULL,NULL,0,19,1,NULL,NULL
1906,Schüssel Stapelbar 14 cm,GE,"2,07",1001,"0,83",2,NULL,NULL,0,19,1,NULL,NULL
1907,Schäler,KG,"3,16",1001,"1,26",2,NULL,NULL,0,19,1,NULL,NULL
1908,Streifenvorhang Bunt 90 X 200 cm,HH,"8,61",1001,"3,44",2,NULL,NULL,0,19,1,NULL,NULL
1909,Standseiher 24 cm,GE,"15,15",1001,"6,06",3,NULL,NULL,0,19,1,NULL,NULL
1910,"Schaumrollenformen 12,5cm 5 Stk. Packung Hr",KG,"6,43",1001,"2,57",2,NULL,NULL,0,19,1,NULL,NULL
1911,Schwingdeckeleimer 15 lt,HH,"10,68",1001,"4,27",2,NULL,NULL,0,19,1,NULL,NULL
1912,Schutzhülle Dekor für Stapelsessel,GA,"18,42",1001,"7,37",3,NULL,NULL,0,19,1,NULL,NULL
1913,Schutzhülle für Gartenschirme,GA,"5,34",1001,"2,14",2,NULL,NULL,0,19,1,NULL,NULL
1914,Steakmesser für Jausenset 438544,BE,"0,76",1001,"0,31",2,NULL,NULL,0,19,1,NULL,NULL
1915,Stielkasserolle Brillant 16 cm,GE,"24,96",1001,"9,99",3,NULL,NULL,0,19,1,NULL,NULL
1916,Schnabeltopfset Rostfrei 3 tlg.,GE,"21,58",1001,"8,63",3,NULL,NULL,0,19,1,NULL,NULL
1917,Stielkasserollenset 3 Tlg Rostfrei,GE,"24,96",1001,"9,99",3,NULL,NULL,0,19,1,NULL,NULL
1918,Schöpferset 3 tlg.,GE,"4,25",1001,"1,70",2,NULL,NULL,0,19,1,NULL,NULL
1919,Sichtschutzfolie Sb,HH,"7,52",1001,"3,01",2,NULL,NULL,0,19,1,NULL,NULL
1920,Schneekessel Rostfrei,GE,"21,58",1001,"8,63",3,NULL,NULL,0,19,1,NULL,NULL
1921,Severin Rotlicht,EG,"21,58",1001,"8,63",3,NULL,NULL,0,19,1,NULL,NULL
1922,Schnellkochtopfset Kelomat Super 4 tlg.,KG,"206,90",1001,"82,76",5,NULL,NULL,0,19,1,NULL,NULL
1923,Skateboard Fun,GA,"20,60",1001,"8,24",3,NULL,NULL,0,19,1,NULL,NULL
1924,Schaumrollenformen Mini 10 Stk. Packung,KG,"8,61",1001,"3,44",2,NULL,NULL,0,19,1,NULL,NULL
1925,Spaghettilöffel,BE,"2,07",1001,"0,83",2,NULL,NULL,0,19,1,NULL,NULL
1926,Schaumlöffel,GE,"2,07",1001,"0,83",2,NULL,NULL,0,19,1,NULL,NULL
1927,Schöpfer,GE,"2,07",1001,"0,83",2,NULL,NULL,0,19,1,NULL,NULL
1928,Saucenschöpfer,BE,"2,07",1001,"0,83",2,NULL,NULL,0,19,1,NULL,NULL
1929,Strickleiter,GA,"10,68",1001,"4,27",2,NULL,NULL,0,19,1,NULL,NULL
1930,Torftöpfe 6 cm 96 Stk. Packung,GA,"10,68",1001,"4,27",2,NULL,NULL,0,19,1,NULL,NULL
1931,Textilbürste Sb,HH,"10,68",1001,"4,27",2,NULL,NULL,0,19,1,NULL,NULL
1932,Tortenspitzen 12 Stk. Packung,GE,"3,16",1001,"1,26",2,NULL,NULL,0,19,1,NULL,NULL
1933,Terrassenbesen mit Stiel,HH,"5,34",1001,"2,14",2,NULL,NULL,0,19,1,NULL,NULL
1934,Teetasse mit Untertasse Atelier 6 Stk. Packung,GE,"28,23",1001,"11,29",3,NULL,NULL,0,19,1,NULL,NULL
1935,Teetasse mit Untertasse Atelier für Set 547734,GE,"4,91",1001,"1,96",2,NULL,NULL,0,19,1,NULL,NULL
1936,Teekanne Atelier,GE,"21,58",1001,"8,63",3,NULL,NULL,0,19,1,NULL,NULL
1937,Teller Dessert Atelier für Set 548502,GE,"3,82",1001,"1,53",2,NULL,NULL,0,19,1,NULL,NULL
1938,Teller Dessert Atelier 6 Stk. Packung,GE,"21,58",1001,"8,63",3,NULL,NULL,0,19,1,NULL,NULL
1939,Teller Flach Atelier für Set 548526,GE,"4,91",1001,"1,96",2,NULL,NULL,0,19,1,NULL,NULL
1940,Teller Flach Atelier 6 Stk. Packung,GE,"26,05",1001,"10,42",3,NULL,NULL,0,19,1,NULL,NULL
1941,Teller Tief Atelier für Set 548540,GE,"4,91",1001,"1,96",2,NULL,NULL,0,19,1,NULL,NULL
1942,Teller Tief Atelier 6 Stk. Packung,GE,"26,05",1001,"10,42",3,NULL,NULL,0,19,1,NULL,NULL
1943,Taschenfeitel,HH,"2,07",1001,"0,83",2,NULL,NULL,0,19,1,NULL,NULL
1944,Tee-Ei,GE,"2,07",1001,"0,83",2,NULL,NULL,0,19,1,NULL,NULL
1945,Teefilter,GE,"3,16",1001,"1,26",2,NULL,NULL,0,19,1,NULL,NULL
1946,Tefal Dampfbügeleisen Da/aquagliss Turbo 300,HH,"141,49",1001,"56,60",5,NULL,NULL,0,19,1,NULL,NULL
1947,Traktor Frontlader,GA,"216,93",1001,"86,77",5,NULL,NULL,0,19,1,NULL,NULL
1948,Tefal Kontaktgrill,HH,"65,19",1001,"26,08",5,NULL,NULL,0,19,1,NULL,NULL
1949,Turnset,GA,"21,58",1001,"8,63",3,NULL,NULL,0,19,1,NULL,NULL
1950,Thermometer für Schwimmbad,GA,"15,15",1001,"6,06",3,NULL,NULL,0,19,1,NULL,NULL
1951,Tee-Ei Kugel,GE,"3,16",1001,"1,26",2,NULL,NULL,0,19,1,NULL,NULL
1952,Terrassenausstecher 18 tlg.,KG,"14,06",1001,"5,62",3,NULL,NULL,0,19,1,NULL,NULL
1953,Textilroller Gross,HH,"6,43",1001,"2,57",2,NULL,NULL,0,19,1,NULL,NULL
1954,Tür- Und Fensterstopper,HH,"10,68",1001,"4,27",2,NULL,NULL,0,19,1,NULL,NULL
1955,Tortenring Universal,GE,"15,15",1001,"6,06",3,NULL,NULL,0,19,1,NULL,NULL
1956,Teller Dessert Rapsodie 6 Stk. Packung,GE,"10,68",1001,"4,27",2,NULL,NULL,0,19,1,NULL,NULL
1957,Teller Dessert Rapsodie für Set 623339,GE,"2,07",1001,"0,83",2,NULL,NULL,0,19,1,NULL,NULL
1958,Teller Tief Rapsodie 6 Stk. Packung,GE,"15,15",1001,"6,06",3,NULL,NULL,0,19,1,NULL,NULL
1959,Teller Tief Rapsodie für Set 623353,GE,"2,73",1001,"1,09",2,NULL,NULL,0,19,1,NULL,NULL
1960,Teller Flach Rapsodie 6 Stk. Packung,GE,"15,15",1001,"6,06",3,NULL,NULL,0,19,1,NULL,NULL
1962,Tablett Chrom,HH,"7,52",1001,"3,01",2,NULL,NULL,0,19,1,NULL,NULL
1963,Tefal Antikalkkassette 2 Stk. Packung,HH,"10,68",1001,"4,27",2,NULL,NULL,0,19,1,NULL,NULL
1964,Türmatte 61 X 36 cm Ersatz: 690-294,HH,"5,45",1001,"2,18",2,NULL,NULL,0,19,1,NULL,NULL
1965,Teller Dessert Barkerole,GE,"3,16",1001,"1,26",2,NULL,NULL,0,19,1,NULL,NULL
1966,Teller Flach Barkerole,GE,"6,43",1001,"2,57",2,NULL,NULL,0,19,1,NULL,NULL
1967,Teller Tief Barkerole,GE,"4,25",1001,"1,70",2,NULL,NULL,0,19,1,NULL,NULL
1968,Teetasse mit Untertasse Barkerole,GE,"5,34",1001,"2,14",2,NULL,NULL,0,19,1,NULL,NULL
1969,Topf Untersatz,HH,"3,16",1001,"1,26",2,NULL,NULL,0,19,1,NULL,NULL
1970,Teppichklopfer,HH,"3,16",1001,"1,26",2,NULL,NULL,0,19,1,NULL,NULL
1971,Tablett 40 X 30 cm,HH,"8,61",1001,"3,44",2,NULL,NULL,0,19,1,NULL,NULL
1972,Teeservice Katze 6 tlg.,GE,"14,06",1001,"5,62",3,NULL,NULL,0,19,1,NULL,NULL
1973,Tontopfset 2tlg. Knoblauch Zwiebel,GE,"10,90",1001,"4,36",2,NULL,NULL,0,19,1,NULL,NULL
1974,Tiefkühlthermometer,HH,"4,25",1001,"1,70",2,NULL,NULL,0,19,1,NULL,NULL
1975,Tomatenschneider Pleasure,GE,"6,43",1001,"2,57",2,NULL,NULL,0,19,1,NULL,NULL
1976,Teeglas Oslo 3 Stk. Packung,GE,"8,61",1001,"3,44",2,NULL,NULL,0,19,1,NULL,NULL
1977,Teeglas Ceylon 2 Stk. Packung,GE,"4,25",1001,"1,70",2,NULL,NULL,0,19,1,NULL,NULL
1978,Teelicht Glas 26 tlg.,GE,"4,25",1001,"1,70",2,NULL,NULL,0,19,1,NULL,NULL
1979,Tefal Kaffeeautomat Ka/performa 1500,HH,"54,29",1001,"21,71",5,NULL,NULL,0,19,1,NULL,NULL
1980,"Tomatenhaube 1,25x0,65 Me 5 Stk. Packung",GE,"11,88",1001,"4,75",2,NULL,NULL,0,19,1,NULL,NULL
1981,Torftöpfe 6 cm 24 Stk.packung,GA,"2,94",1001,"1,18",2,NULL,NULL,0,19,1,NULL,NULL
1982,Tauchset für Jugendliche,GA,"10,68",1001,"4,27",2,NULL,NULL,0,19,1,NULL,NULL
1983,Teigroller Holz Drehbar,HH,"10,68",1001,"4,27",2,NULL,NULL,0,19,1,NULL,NULL
1984,Teelicht Alu 25 Stk. Packung,GE,"4,25",1001,"1,70",2,NULL,NULL,0,19,1,NULL,NULL
